Drug	Drug_id	RELATION	PROVENANCE	Gene	Gene_id
Lysine	C0024337	PART_OF	["36128717_fullText_114"]	LOR gene	C1416897
Lysine	C0024337	PART_OF	["28062662_fullText_7","22578804_fullText_7"]	GCDH gene	C1415009
Lysine	C0024337	PART_OF	["8170567_fullText_3","17895983_fullText_69"]	MT-TA gene	C1537998
Lysine	C0024337	COEXISTS_WITH	["37197954_fullText_3","37197954_abstract_3"]	GFAP gene	C1415042
Lysine	C0024337	COEXISTS_WITH	["24594605_fullText_73"]	GCDH gene	C1415009
Lysine	C0024337	COEXISTS_WITH	["25333616_fullText_90"]	Caspase Gene	C1332858
Lysine	C0024337	COEXISTS_WITH	["25416781_fullText_5"]	ETFB gene	C1414472
Lysine	C0024337	INHIBITS	["36128717_fullText_28"]	LOR gene	C1416897
Lysine	C0024337	INHIBITS	["36128717_fullText_10"]	AASS gene	C1424938
Lysine	C0024337	INHIBITS	["28762469_fullText_6","25333616_fullText_0"]	GCDH gene	C1415009
Lysine	C0024337	STIMULATES	["35872650_fullText_103"]	TP53 gene	C0079419
Lysine	C0024337	STIMULATES	["26967762_fullText_9"]	Operon	C0029073
Lysine	C0024337	STIMULATES	["34713466_fullText_4","22445450_fullText_5"]	GCDH gene	C1415009
Basis	C1874451	COEXISTS_WITH	["38697430_fullText_2"]	PAH gene	C1418251
Basis	C1874451	COEXISTS_WITH	["11723274_fullText_1"]	CACNA1A gene	C1456413
Basis	C1874451	COEXISTS_WITH	["9425239_fullText_1","11064921_fullText_3"]	SLC14A2 gene	C1420099
Basis	C1874451	COEXISTS_WITH	["10711986_fullText_3"]	DMPK gene	C1414085
Basis	C1874451	COEXISTS_WITH	["34509561_fullText_6"]	CFP gene	C1418482
Basis	C1874451	COEXISTS_WITH	["15525270_fullText_7"]	LRPPRC gene	C1423677
Basis	C1874451	INHIBITS	["34227872_fullText_13"]	CNR1 gene	C1413554
Basis	C1874451	STIMULATES	["34151302_fullText_2"]	CNR2 gene	C1413555
Dopamine Hydrochloride	C0282151	PART_OF	["33933677_fullText_4"]	UCP1 gene	C1421313
Dopamine Hydrochloride	C0282151	PART_OF	["33933677_fullText_4"]	PPARA gene	C1418776
Dopamine Hydrochloride	C0282151	COEXISTS_WITH	["18270582_fullText_50"]	PPP1R12A gene	C1417581
Dopamine Hydrochloride	C0282151	COEXISTS_WITH	["34662693_fullText_8"]	NLRP1 wt Allele	C3538756
Dopamine Hydrochloride	C0282151	INHIBITS	["34261701_fullText_9"]	CFP gene	C1418482
Dopamine	C0013030	PART_OF	["15024549_fullText_8"]	CFP gene	C1418482
Dopamine	C0013030	PART_OF	["37221325_fullText_2","37221325_fullText_8","36914092_fullText_5"]	NLRP1 wt Allele	C3538756
Dopamine	C0013030	COEXISTS_WITH	["26653793_fullText_7"]	Wild Type	C1883559
Dopamine	C0013030	COEXISTS_WITH	["26653793_fullText_1"]	TPH1 gene	C1420870
Dopamine	C0013030	COEXISTS_WITH	["35653343_fullText_56"]	NGLY1 gene	C1425023
Dopamine	C0013030	COEXISTS_WITH	["33848365_fullText_1","36641044_fullText_2","36914092_fullText_9","36232945_fullText_4","35581520_fullText_7"]	NLRP1 wt Allele	C3538756
Dopamine	C0013030	COEXISTS_WITH	["36469958_fullText_7"]	SMAD5-AS1 gene	C2239937
Dopamine	C0013030	COEXISTS_WITH	["34838844_fullText_10"]	OPN4 gene	C1422657
Dopamine	C0013030	COEXISTS_WITH	["35259355_fullText_8"]	SLC6A3 wt Allele	C3813713
Dopamine	C0013030	COEXISTS_WITH	["34197000_fullText_7"]	GRIA1 gene	C1415287
Dopamine	C0013030	INHIBITS	["35077763_fullText_5"]	GRIN2A gene	C1415299
Dopamine	C0013030	INHIBITS	["35077763_fullText_5"]	GRIN2B gene	C1415300
Dopamine	C0013030	INHIBITS	["34732695_fullText_2"]	SLC6A4 gene	C1420214
Dopamine	C0013030	INHIBITS	["35055090_fullText_4"]	CRH gene	C1366488
Dopamine	C0013030	STIMULATES	["36183870_fullText_4"]	NLRP1 wt Allele	C3538756
Catecholamines	C0007412	INHIBITS	["16154435_fullText_8"]	ADIPOQ gene	C1540187
Levodopa	C0023570	PART_OF	["36057433_fullText_7"]	LRP2 wt Allele	C3811119
Calcium	C0006675	PART_OF	["36221102_fullText_38"]	CARHSP1 gene	C1424780
Calcium	C0006675	PART_OF	["34355529_fullText_10"]	SERPINA1 gene	C1418544
Calcium	C0006675	COEXISTS_WITH	["27763639_fullText_165"]	TSPO gene	C1823521
Calcium	C0006675	COEXISTS_WITH	["34758316_fullText_4"]	CFP gene	C1418482
Calcium	C0006675	INHIBITS	["36260938_fullText_4"]	CNR1 gene	C1413554
Calcium	C0006675	STIMULATES	["37380765_fullText_6"]	NTSR1 gene	C1417870
Calcium	C0006675	STIMULATES	["37733758_fullText_3"]	PRKAA2 gene	C1418898
Calcium	C0006675	STIMULATES	["35514261_fullText_2"]	ARHGEF1 wt Allele	C1706671
Calcium	C0006675	STIMULATES	["36792758_fullText_9"]	PRRT2 wt Allele	C3539645
Zinostatin	C0027597	INHIBITS	["37392035_fullText_3"]	TCEB1 gene	C1420627
Glutamine	C0017797	PART_OF	["35157847_fullText_19"]	SIRT5 gene	C1423065
Glutamine	C0017797	PART_OF	["25633985_fullText_114"]	ATXN3 gene	C1538301
Glutamine	C0017797	COEXISTS_WITH	["39320846_fullText_89"]	Open Reading Frames	C0079941
Glutamine	C0017797	INHIBITS	["11024031_fullText_4"]	Wild Type	C1883559
Tryptophan	C0041249	INHIBITS	["25333616_fullText_0"]	GCDH gene	C1415009
Trehalose	C0040815	PART_OF	["38964453_fullText_12"]	ATXN3 gene	C1538301
Trehalose	C0040815	PART_OF	["34481906_fullText_6"]	DSC3 gene	C1414158
viral vector	C1520007	COEXISTS_WITH	["38732047_fullText_61"]	NDUFS4 gene	C1417647
viral vector	C1520007	COEXISTS_WITH	["34120625_fullText_21"]	NGLY1 gene	C1425023
viral vector	C1520007	COEXISTS_WITH	["32371897_fullText_6"]	Transgenes	C0282641
Fiber	C0225326	COEXISTS_WITH	["23326493_fullText_67"]	GCDH gene	C1415009
Fiber	C0225326	STIMULATES	["23247112_fullText_7"]	GCLC wt Allele	C1704697
Duration	C2926735	COEXISTS_WITH	["32368833_fullText_58"]	EHD3 gene	C1414320
Duration	C2926735	COEXISTS_WITH	["32368833_fullText_58"]	OSBPL3 gene	C1424223
Duration	C2926735	COEXISTS_WITH	["34488355_fullText_7"]	AKR1A1 wt Allele	C3715044
Duration	C2926735	COEXISTS_WITH	["21880333_fullText_1"]	LY6E gene	C1334353
Duration	C2926735	INHIBITS	["31968060_fullText_145"]	HMI gene	C1415618
Duration	C2926735	INHIBITS	["36599574_fullText_4"]	P2RY12 gene	C1425330
Duration	C2926735	compared_with	["33998674_fullText_8"]	ARPP21 gene	C2699119
coenzyme Q10	C0056077	COEXISTS_WITH	["31996177_fullText_79"]	COQ2 gene	C1824776
Antioxidants	C0003402	INHIBITS	["34171359_fullText_5"]	CYP1A1 gene	C0919425
Program	C2728259	COEXISTS_WITH	["11476784_fullText_1"]	PBRM1 gene	C1853685
Program	C2728259	COEXISTS_WITH	["30135079_fullText_53"]	NGLY1 gene	C1425023
Program	C2728259	COEXISTS_WITH	["29844506_fullText_90"]	Genome, Bacterial	C0085238
Program	C2728259	compared_with	["10394040_fullText_3"]	GGT1 gene	C1415053
Mediator brand of benfluorex hydrochloride	C0127400	INHIBITS	["28512194_fullText_63"]	RBFOX2 gene	C1419304
Mediator brand of benfluorex hydrochloride	C0127400	INHIBITS	["32368833_fullText_25"]	PHEX gene	C1418526
Mediator brand of benfluorex hydrochloride	C0127400	INHIBITS	["12897163_fullText_3"]	PEX13 gene	C1418474
Mediator brand of benfluorex hydrochloride	C0127400	INHIBITS	["36708234_fullText_6"]	MAOB gene	C1417002
Mediator brand of benfluorex hydrochloride	C0127400	INHIBITS	["35436248_fullText_11"]	CFP gene	C1418482
Mediator brand of benfluorex hydrochloride	C0127400	INTERACTS_WITH	["23873129_fullText_1","23873129_fullText_5"]	CLCN1 gene	C1413450
Mediator brand of benfluorex hydrochloride	C0127400	STIMULATES	["20855289_fullText_82","20855289_fullText_83","20855289_fullText_103","20855289_fullText_151"]	MYOD1 gene	C1417574
Mediator brand of benfluorex hydrochloride	C0127400	STIMULATES	["35789976_fullText_8"]	PRRT2 wt Allele	C3539645
Mediator brand of benfluorex hydrochloride	C0127400	STIMULATES	["34530858_fullText_5"]	CYBB gene	C1413844
Mediator brand of benfluorex hydrochloride	C0127400	STIMULATES	["16194547_fullText_6"]	ATXN3 gene	C1538301
Level	C2946261	COEXISTS_WITH	["36128717_fullText_14"]	AASS gene	C1424938
Level	C2946261	STIMULATES	["34182003_fullText_10"]	THBS1 gene	C1336626
animal allergen extracts	C3540698	COEXISTS_WITH	["35952337_fullText_6"]	PPRC1 gene	C1428919
animal allergen extracts	C3540698	COEXISTS_WITH	["37552802_fullText_7","37770252_fullText_71","37770252_fullText_73","38732047_fullText_72"]	NDUFS4 gene	C1417647
animal allergen extracts	C3540698	INHIBITS	["19907076_fullText_3"]	CELF1 gene	C1413824
animal allergen extracts	C3540698	INHIBITS	["37797676_fullText_9"]	CNR2 gene	C1413555
animal allergen extracts	C3540698	INHIBITS	["37511537_fullText_6"]	GRIA1 gene	C1415287
animal allergen extracts	C3540698	INHIBITS	["34968475_fullText_2"]	CNR1 gene	C1413554
animal allergen extracts	C3540698	INHIBITS	["33974952_fullText_4"]	HCRTR1 gene	C1415501
animal allergen extracts	C3540698	INHIBITS	["34923576_fullText_4"]	MEG8 gene	C1422766
animal allergen extracts	C3540698	STIMULATES	["34412520_fullText_6"]	BAX gene	C0812198
animal allergen extracts	C3540698	compared_with	["21698251_fullText_20"]	S100B wt Allele	C3273837
Endopeptidases	C0030946	INHIBITS	["9922452_fullText_130"]	PEX16 gene	C1418476
Fluorodeoxyglucose F18	C0046056	COEXISTS_WITH	["17468965_fullText_9"]	LY6E gene	C1334353
Quinolinic Acid	C0072879	COEXISTS_WITH	["26607633_fullText_2"]	GCDH gene	C1415009
8-chloro-cyclic adenosine monophosphate	C0050063	COEXISTS_WITH	["35535012_fullText_5"]	SCIN gene	C1427702
8-chloro-cyclic adenosine monophosphate	C0050063	INHIBITS	["33891515_fullText_1"]	MALAT1 gene	C1537647
8-chloro-cyclic adenosine monophosphate	C0050063	STIMULATES	["33992835_fullText_8"]	DRD1 gene	C1333250
8-chloro-cyclic adenosine monophosphate	C0050063	STIMULATES	["37002793_fullText_6"]	TAAR1 gene	C1539908
Cytosine	C0010843	PART_OF	["26002596_fullText_119"]	DMPK gene	C1414085
Cytosine	C0010843	PART_OF	["8604323_fullText_8"]	SEPT4 wt Allele	C3538895
Ethanol	C0001962	COEXISTS_WITH	["34389427_fullText_7"]	CFP gene	C1418482
Ethanol	C0001962	COEXISTS_WITH	["36802012_fullText_1","35644487_fullText_10"]	NLRP1 wt Allele	C3538756
Ethanol	C0001962	INHIBITS	["33965399_fullText_5"]	SLC6A9 gene	C1420220
Ethanol	C0001962	STIMULATES	["34928513_fullText_9"]	MYO5A gene	C1417565
Calcium ion	C0596235	COEXISTS_WITH	["37149124_fullText_10"]	RYR1 gene	C1419778
Calcium ion	C0596235	COEXISTS_WITH	["37149124_fullText_10"]	PKD1 gene	C1418599
Lipids	C0023779	COEXISTS_WITH	["28323990_fullText_7"]	TMEM165 gene	C1823430
Lipids	C0023779	STIMULATES	["28448548_fullText_9"]	FAAH gene	C1414512
Lipids	C0023779	compared_with	["33477953_fullText_65"]	ATXN3 gene	C1538301
3,4-Methylenedioxyamphetamine	C0000379	COEXISTS_WITH	["38177503_fullText_102"]	BRCA2 wt Allele	C1705143
3,4-Methylenedioxyamphetamine	C0000379	INHIBITS	["37848450_fullText_19"]	DDOST gene	C1413949
3,4-Methylenedioxyamphetamine	C0000379	compared_with	["35186114_fullText_3"]	FBXL20 gene	C1539487
Therapeutic brand of coal tar	C0723712	STIMULATES	["23637619_fullText_67"]	SAMD4A gene	C1826968
Histone deacetylase inhibitor	C1512474	COEXISTS_WITH	["28535287_fullText_49"]	EGR3 gene	C1414316
Histone deacetylase inhibitor	C1512474	STIMULATES	["28535287_fullText_49"]	MBNL1 gene	C1417055
Histone deacetylase inhibitor	C1512474	STIMULATES	["28535287_fullText_62"]	ATP2A1 gene	C1412637
Histone deacetylase inhibitor	C1512474	STIMULATES	["28535287_fullText_62"]	DMPK gene	C1414085
Histone deacetylase inhibitor	C1512474	PRODUCES	["28535287_fullText_7"]	MBNL1 gene	C1417055
Histone deacetylase inhibitor	C1512474	CONVERTS_TO	["32357546_fullText_19"]	CEL gene	C1413336
resveratrol	C0073096	STIMULATES	["27165717_fullText_6","36235829_fullText_4","36235829_fullText_5","27165717_fullText_105"]	SIRT1 gene	C1423062
resveratrol	C0073096	STIMULATES	["36235240_fullText_7"]	SYK gene	C1335892
Small Molecule	C1328819	COEXISTS_WITH	["38732047_fullText_20"]	NDUFS4 gene	C1417647
Small Molecule	C1328819	COEXISTS_WITH	["23280953_fullText_4"]	CEL gene	C1413336
Small Molecule	C1328819	INHIBITS	["38232139_fullText_3","38232139_abstract_3"]	GYS1 gene	C1415377
Small Molecule	C1328819	INHIBITS	["35817218_fullText_2"]	ACE2 gene	C1422064
Small Molecule	C1328819	INTERACTS_WITH	["23806903_fullText_5","21768123_fullText_105","27805016_fullText_5"]	MBNL1 gene	C1417055
Small Molecule	C1328819	STIMULATES	["23806903_fullText_1"]	CEL gene	C1413336
Small Molecule	C1328819	STIMULATES	["28535287_fullText_8"]	MBNL1 gene	C1417055
Small Molecule	C1328819	STIMULATES	["34942533_fullText_6"]	KCNK4 gene	C1416597
Candida albicans extract	C0717551	COEXISTS_WITH	["25270028_fullText_25"]	Gene Family	C1517488
Candida albicans extract	C0717551	COEXISTS_WITH	["31636082_fullText_86"]	PMM2 gene	C1418674
Candida albicans extract	C0717551	COEXISTS_WITH	["30530630_fullText_77"]	PMM1 gene	C1418673
Candida albicans extract	C0717551	COEXISTS_WITH	["10571010_fullText_11","27390132_fullText_4"]	Homologous Gene	C1334043
Candida albicans extract	C0717551	COEXISTS_WITH	["19267216_fullText_1"]	RFT1 gene	C1538829
Candida albicans extract	C0717551	INHIBITS	["10562279_fullText_8"]	PEX2 gene	C1419149
Candida albicans extract	C0717551	STIMULATES	["29773809_fullText_5"]	PEX6 gene	C1418478
Candida albicans extract	C0717551	STIMULATES	["29773809_fullText_5"]	PEX1 gene	C1418469
Candida albicans extract	C0717551	STIMULATES	["31636082_fullText_123"]	PMM2 gene	C1418674
Candida albicans extract	C0717551	compared_with	["27343064_fullText_188"]	Alleles	C0002085
Candida albicans extract	C0717551	lower_than	["27343064_fullText_188"]	Alleles	C0002085
other medicated shampoos in ATC	C3539125	COEXISTS_WITH	["31996269_abstract_7"]	LRP2 wt Allele	C3811119
other medicated shampoos in ATC	C3539125	COEXISTS_WITH	["21669930_fullText_70"]	PEX26 gene	C1427818
other medicated shampoos in ATC	C3539125	COEXISTS_WITH	["33315011_fullText_58"]	NGLY1 gene	C1425023
other medicated shampoos in ATC	C3539125	COEXISTS_WITH	["30520688_fullText_117"]	NDUFS4 gene	C1417647
other medicated shampoos in ATC	C3539125	COEXISTS_WITH	["17439981_fullText_3"]	DOK7 gene	C1824957
other medicated shampoos in ATC	C3539125	COEXISTS_WITH	["33832800_fullText_3"]	TOR1A gene	C1540039
other medicated shampoos in ATC	C3539125	COEXISTS_WITH	["36093993_fullText_6"]	SLC19A3 gene	C1424138
other medicated shampoos in ATC	C3539125	COEXISTS_WITH	["33832800_fullText_3"]	SGCE gene	C1420008
other medicated shampoos in ATC	C3539125	INHIBITS	["36128717_fullText_10"]	AASS gene	C1424938
Agonist	C2987634	COEXISTS_WITH	["34700256_fullText_8"]	CNR2 gene	C1413555
Agonist	C2987634	INHIBITS	["34419761_fullText_4"]	CNR1 gene	C1413554
Agonist	C2987634	INHIBITS	["34800583_fullText_5"]	GPER1 gene	C1415223
Agonist	C2987634	STIMULATES	["37644541_fullText_40"]	PMM2 gene	C1418674
Agonist	C2987634	STIMULATES	["36233007_fullText_11"]	GABRQ gene	C1422662
Agonist	C2987634	STIMULATES	["36980189_fullText_7","34291308_fullText_10"]	CNR1 gene	C1413554
Agonist	C2987634	STIMULATES	["33901873_fullText_5","35032086_fullText_3"]	DRD2 gene	C1333253
Agonist	C2987634	STIMULATES	["33992835_fullText_5"]	DRD1 gene	C1333250
Agonist	C2987634	CONVERTS_TO	["35129730_fullText_2"]	MSMP gene	C2677316
Cholesterol	C0008377	PART_OF	["29285660_fullText_4"]	AGO2 gene	C1414333
Cholesterol	C0008377	COEXISTS_WITH	["38612794_fullText_108"]	ATXN3 gene	C1538301
Cholesterol	C0008377	COEXISTS_WITH	["37407594_fullText_6"]	NPC1 gene	C1417776
Cholesterol	C0008377	COEXISTS_WITH	["32368833_fullText_56"]	OSBPL3 gene	C1424223
Cholesterol	C0008377	COEXISTS_WITH	["32368833_fullText_81","32368833_fullText_105"]	RAB10 gene	C1419188
Cholesterol	C0008377	COEXISTS_WITH	["32368833_fullText_65","32368833_fullText_105"]	RAB3IP gene	C1424340
Cholesterol	C0008377	COEXISTS_WITH	["32368833_fullText_81","32368833_fullText_105"]	KIFC3 gene	C1416641
Cholesterol	C0008377	COEXISTS_WITH	["32368833_fullText_11"]	SHH gene	C1335824
Cholesterol	C0008377	COEXISTS_WITH	["32147747_fullText_41"]	SULT2B1 gene	C1420520
Cholesterol	C0008377	COEXISTS_WITH	["14673138_fullText_1"]	PEX2 gene	C1419149
Cholesterol	C0008377	INHIBITS	["32368833_fullText_52"]	OSBPL3 gene	C1424223
Cholesterol	C0008377	INHIBITS	["32368833_fullText_18"]	SHH gene	C1335824
Cholesterol	C0008377	INHIBITS	["32368833_fullText_80"]	KIFC3 gene	C1416641
Cholesterol	C0008377	STIMULATES	["32145091_fullText_144","32145091_fullText_166"]	SREBF1 gene	C1420398
Threonine	C0040005	STIMULATES	["28281558_fullText_8"]	ALYREF gene	C1425988
Suppressor	C2954564	COEXISTS_WITH	["26804654_fullText_112"]	SURF1 gene	C1420527
Chalcone	C0007935	INHIBITS	["35892288_fullText_5"]	BACE1 gene	C1412727
Recombinant Interferon-gamma	C0021740	INHIBITS	["34736899_fullText_12"]	HMGB1 gene	C1333908
Evans blue	C0015205	COEXISTS_WITH	["38732047_fullText_64","38732047_fullText_92"]	NDUFS4 gene	C1417647
Evans blue	C0015205	COEXISTS_WITH	["24468193_fullText_93"]	GCDH gene	C1415009
Citalopram	C0008845	COEXISTS_WITH	["34000119_fullText_3"]	PTS gene	C1419129
Citalopram	C0008845	COEXISTS_WITH	["35660811_fullText_8"]	PPARGC1B gene	C1428918
Citalopram	C0008845	STIMULATES	["34293414_fullText_4"]	BAI3 gene	C1332376
Drugs used for the treatment of acute migraine	C1579373	COEXISTS_WITH	["26488408_fullText_90"]	Wild Type	C1883559
Oxygen	C0030054	COEXISTS_WITH	["30520688_fullText_6","37770252_fullText_98","30520688_fullText_44"]	NDUFS4 gene	C1417647
daidzein	C0057090	STIMULATES	["32357546_fullText_131"]	ATXN3 gene	C1538301
Glycosylation End Products, Advanced	C0162574	PART_OF	["38612794_fullText_5"]	ATXN3 gene	C1538301
Glycosylation End Products, Advanced	C0162574	STIMULATES	["39226631_fullText_5"]	NT5C1A gene	C1425101
tetanus toxoid helper peptide	C1515333	STIMULATES	["25883322_fullText_48"]	CELF1 gene	C1413824
Water	C0043047	COEXISTS_WITH	["35933977_fullText_5"]	Wild Type	C1883559
Amino Acids	C0002520	PART_OF	["32012848_abstract_4"]	GAA gene	C1414899
Amino Acids	C0002520	PART_OF	["23468640_fullText_75"]	MSH3 gene	C0879392
Amino Acids	C0002520	PART_OF	["9490724_fullText_58"]	DMPK gene	C1414085
Amino Acids	C0002520	PART_OF	["22156369_fullText_76"]	NES gene	C1417679
Amino Acids	C0002520	PART_OF	["10562279_fullText_33"]	PEX10 gene	C1418470
Amino Acids	C0002520	PART_OF	["10562279_fullText_62","10562279_fullText_103","10562279_fullText_106"]	PEX12 gene	C1418473
Amino Acids	C0002520	PART_OF	["10562279_fullText_33"]	LGALS4 gene	C1416832
Amino Acids	C0002520	PART_OF	["10562279_fullText_40"]	PEX5 gene	C1419151
Amino Acids	C0002520	PART_OF	["35157847_fullText_87"]	SIRT5 gene	C1423065
Amino Acids	C0002520	PART_OF	["24498361_fullText_87"]	GCDH gene	C1415009
Amino Acids	C0002520	PART_OF	["35055180_fullText_101"]	PYROXD2 gene	C1428119
Amino Acids	C0002520	PART_OF	["11733556_fullText_5"]	MPDU1 gene	C1417235
Amino Acids	C0002520	PART_OF	["24341803_fullText_2"]	BOLA3 gene	C1826629
Amino Acids	C0002520	PART_OF	["30419932_fullText_1"]	IARS2 gene	C1825559
Amino Acids	C0002520	COEXISTS_WITH	["37848450_fullText_68"]	DDOST gene	C1413949
Amino Acids	C0002520	COEXISTS_WITH	["32872442_fullText_6"]	LRP2 wt Allele	C3811119
Amino Acids	C0002520	COEXISTS_WITH	["20819849_fullText_139"]	Alleles	C0002085
Amino Acids	C0002520	COEXISTS_WITH	["30455355_fullText_2"]	ATXN3 gene	C1538301
Amino Acids	C0002520	STIMULATES	["37644761_fullText_7"]	LPAR3 wt Allele	C3812695
Selective Serotonin Reuptake Inhibitors	C0360105	COEXISTS_WITH	["37507539_fullText_5"]	PVRL1 gene	C1419142
Selective Serotonin Reuptake Inhibitors	C0360105	COEXISTS_WITH	["35777551_fullText_4"]	PISD gene	C1418591
Selective Serotonin Reuptake Inhibitors	C0360105	COEXISTS_WITH	["35039907_fullText_4"]	KRT5 wt Allele	C3810570
Selective Serotonin Reuptake Inhibitors	C0360105	COEXISTS_WITH	["34360959_fullText_2"]	IMPACT gene	C1825598
Selective Serotonin Reuptake Inhibitors	C0360105	INHIBITS	["35201310_fullText_2"]	CYP2D6 gene	C1332830
Selective Serotonin Reuptake Inhibitors	C0360105	INHIBITS	["37466774_fullText_8"]	SLC6A4 gene	C1420214
Selective Serotonin Reuptake Inhibitors	C0360105	INTERACTS_WITH	["34049262_fullText_3","36868853_fullText_2","36868853_fullText_10"]	SLC6A4 gene	C1420214
Selective Serotonin Reuptake Inhibitors	C0360105	INTERACTS_WITH	["36084758_fullText_1","36084758_fullText_2"]	HTR2C gene	C1415811
Selective Serotonin Reuptake Inhibitors	C0360105	STIMULATES	["35748633_fullText_10"]	HTR2A gene	C1415809
Selective Serotonin Reuptake Inhibitors	C0360105	STIMULATES	["35748633_fullText_10"]	HTR1B gene	C1415804
Selective Serotonin Reuptake Inhibitors	C0360105	STIMULATES	["35748633_fullText_10"]	HTR2C gene	C1415811
Selective Serotonin Reuptake Inhibitors	C0360105	compared_with	["35201310_fullText_6"]	CYP2D6 gene	C1332830
Selective Serotonin Reuptake Inhibitors	C0360105	higher_than	["35201310_fullText_6"]	CYP2D6 gene	C1332830
Selective Serotonin Reuptake Inhibitors	C0360105	INTERACTS_WITH__SPEC__	["36758772_fullText_4"]	SLC6A4 wt Allele	C3814032
Selective Serotonin Reuptake Inhibitors	C0360105	INTERACTS_WITH__SPEC__	["36094099_fullText_9"]	SLC6A4 gene	C1420214
Ceramides	C0007745	COEXISTS_WITH	["15282781_fullText_6"]	PEX2 gene	C1419149
Triglycerides	C0041004	COEXISTS_WITH	["32147747_fullText_126"]	CEL gene	C1413336
Triglycerides	C0041004	COEXISTS_WITH	["2474624_fullText_4"]	PEX7 gene	C1418479
Triglycerides	C0041004	STIMULATES	["20837825_fullText_5"]	HSD11B1 wt Allele	C3715113
Buffers	C0006353	COEXISTS_WITH	["29773809_fullText_116"]	TSPO gene	C1823521
Phosphocreatine	C0031634	compared_with	["3989573_fullText_1"]	OAT gene	C1417917
Serotonin	C0036751	COEXISTS_WITH	["26653793_fullText_1"]	TPH1 gene	C1420870
Serotonin	C0036751	COEXISTS_WITH	["35653343_fullText_5","35653343_fullText_8","35653343_fullText_56"]	NGLY1 gene	C1425023
Serotonin	C0036751	COEXISTS_WITH	["33836218_fullText_8","21040618_fullText_2"]	CFP gene	C1418482
Serotonin	C0036751	COEXISTS_WITH	["34197000_fullText_7"]	GRIA1 gene	C1415287
Serotonin	C0036751	COEXISTS_WITH	["37775532_fullText_7","26653793_fullText_7"]	Wild Type	C1883559
Serotonin	C0036751	COEXISTS_WITH	["37584820_fullText_3"]	P4HB gene	C1418224
Serotonin	C0036751	COEXISTS_WITH	["34240839_fullText_4"]	WASF1 gene	C1421479
Serotonin	C0036751	INHIBITS	["35298691_fullText_7"]	AIF1 gene	C1412299
Serotonin	C0036751	STIMULATES	["37584461_fullText_15"]	GYPE gene	C1415376
varenicline	C1569608	INHIBITS	["35066097_fullText_10"]	BAX gene	C0812198
varenicline	C1569608	STIMULATES__SPEC__	["34923039_fullText_4"]	NLRP1 wt Allele	C3538756
Aminobutyric Acid	C0220780	COEXISTS_WITH	["29061647_fullText_6"]	ALDH7A1 gene	C1412691
Blockade	C3540676	COEXISTS_WITH	["34473369_fullText_7"]	CLOCK gene	C1413503
Blockade	C3540676	COEXISTS_WITH	["35870087_fullText_3"]	CHPT1 wt Allele	C3539603
Blockade	C3540676	COEXISTS_WITH	["34473369_fullText_7"]	ARNTL gene	C1412544
Blockade	C3540676	INHIBITS	["35746869_fullText_2"]	LMOD1 gene	C1416886
Blockade	C3540676	INHIBITS	["35746869_fullText_2"]	DIO2 gene	C1414052
Blockade	C3540676	STIMULATES	["37365544_fullText_7"]	CLOCK gene	C1413503
Blockade	C3540676	STIMULATES	["33800024_fullText_5"]	CNR2 gene	C1413555
Chloroquine	C0008269	STIMULATES	["31754023_fullText_3"]	MBNL1 gene	C1417055
Endocannabinoids	C1172779	STIMULATES	["35361667_fullText_2","37739804_fullText_5"]	CNR1 gene	C1413554
Endocannabinoids	C1172779	compared_with	["35011295_fullText_1"]	CBR1 gene	C1413154
Endocannabinoids	C1172779	higher_than	["35011295_fullText_1"]	CBR1 gene	C1413154
Endocannabinoids	C1172779	STIMULATES__SPEC__	["28448548_fullText_9"]	FAAH gene	C1414512
anandamide	C0211726	INHIBITS	["34615374_fullText_7","36542836_fullText_2"]	FAAH gene	C1414512
Glycine	C0017890	PART_OF	["25135935_fullText_134","35603178_fullText_65"]	TSPO gene	C1823521
Glycine	C0017890	COEXISTS_WITH	["26824521_fullText_147"]	TSPO gene	C1823521
Glycine	C0017890	COEXISTS_WITH	["24299452_fullText_85"]	TXN2 gene	C1456398
Glycine	C0017890	COEXISTS_WITH	["33833507_fullText_7"]	KIDINS220 gene	C2681631
Glycine	C0017890	COEXISTS_WITH	["10746561_fullText_7"]	Homologous Gene	C1334043
Glycine	C0017890	INHIBITS	["11024031_fullText_4"]	Wild Type	C1883559
Glycine	C0017890	compared_with	["33865004_fullText_4"]	LAMA1 gene	C1416775
Acetylcholine	C0001041	PART_OF	["36345723_fullText_4"]	Enzyme Gene	C1333402
Acetylcholine	C0001041	STIMULATES	["35030226_fullText_5"]	LPAR3 wt Allele	C3812695
Acetylcholine	C0001041	STIMULATES	["37648452_fullText_2"]	IMPACT gene	C1825598
Atypical antipsychotic	C1276996	INHIBITS	["34348620_fullText_1"]	TRIM32 gene	C1424232
aripiprazole	C0299792	STIMULATES	["33830427_fullText_7"]	SRI gene	C1420401
Pharmacologic Substance	C1254351	STIMULATES	["18804034_fullText_5"]	TGM2 gene	C1420714
Pharmacologic Substance	C1254351	STIMULATES	["24675225_fullText_11"]	PPARGC1A gene	C1418779
Pharmacologic Substance	C1254351	compared_with	["15504352_fullText_4"]	ATXN3 gene	C1538301
Serine	C0036720	PART_OF	["25135935_fullText_120"]	MAGT1 gene	C2239666
Serine	C0036720	PART_OF	["32867169_fullText_60"]	MT-CO3 gene	C1537987
Serine	C0036720	STIMULATES	["33749324_fullText_5"]	PRRT2 wt Allele	C3539645
Interferons	C0021747	INHIBITS	["35406718_fullText_207"]	NGLY1 gene	C1425023
Adenosine	C0001443	COEXISTS_WITH	["36445101_fullText_2","36445101_fullText_11"]	NLRP1 wt Allele	C3538756
Adenosine	C0001443	INHIBITS	["35182571_fullText_7"]	PROTEIN S, BETA	C1867626
Anti-Anxiety Agents	C0040616	COEXISTS_WITH	["34568977_fullText_5"]	TCF4 gene	C1420639
licochalcone A	C0125821	STIMULATES	["24675225_fullText_7"]	PPARGC1A gene	C1418779
licochalcone A	C0125821	STIMULATES	["24675225_fullText_7"]	SOD2 gene	C1420307
licochalcone A	C0125821	STIMULATES	["24675225_fullText_7"]	Candidate Disease Gene	C1332838
licochalcone A	C0125821	STIMULATES	["24675225_fullText_7"]	CYCS gene	C1426584
Sodium Chloride	C0037494	PART_OF	["22578804_fullText_7"]	GCDH gene	C1415009
Sodium Chloride	C0037494	STIMULATES	["36822333_fullText_6"]	PRKAA2 gene	C1418898
Sodium Chloride	C0037494	compared_with	["35870169_fullText_1"]	UPP1 gene	C1421363
Sodium Chloride	C0037494	compared_with	["34106688_fullText_6"]	NPS gene	C1836075
Glutamic Acid	C0061472	PART_OF	["24708131_fullText_4"]	MT-TA gene	C1537998
Glutamic Acid	C0061472	COEXISTS_WITH	["24299452_fullText_85"]	TXN2 gene	C1456398
Sulfhydryl Compounds	C0038734	COEXISTS_WITH	["25135935_fullText_141"]	TSPO gene	C1823521
agonists	C0243192	COEXISTS_WITH	["36631757_fullText_2"]	CFP gene	C1418482
agonists	C0243192	INHIBITS	["37509114_fullText_3"]	MAOB gene	C1417002
agonists	C0243192	INHIBITS	["36473517_fullText_10"]	DRD2 gene	C1333253
agonists	C0243192	INTERACTS_WITH	["33761251_fullText_4","36080443_fullText_3"]	CBR1 gene	C1413154
agonists	C0243192	STIMULATES	["35429668_fullText_5"]	ARRB2 gene	C1412552
agonists	C0243192	STIMULATES	["37331921_fullText_4"]	EEF1B2P2 gene	C1414290
agonists	C0243192	STIMULATES	["34118232_fullText_1"]	OPRK1 gene	C1417963
agonists	C0243192	STIMULATES	["34486749_fullText_3","34537380_fullText_7"]	CNR2 gene	C1413555
Iron	C0302583	INHIBITS	["30373601_fullText_11"]	NDUFB3 gene	C1417635
Iron	C0302583	STIMULATES	["8995386_fullText_7"]	DMPK gene	C1414085
opium alkaloids and derivative combination cough suppressants	C3539957	COEXISTS_WITH	["8789765_fullText_9"]	AKR1A1 wt Allele	C3715044
opium alkaloids and derivative combination cough suppressants	C3539957	INHIBITS	["34186142_fullText_8"]	BTK gene	C1412841
Insulin	C0021641	STIMULATES	["28915272_fullText_101"]	IRS1 gene	C1334140
Dithiothreitol	C0012789	COEXISTS_WITH	["21737679_fullText_41","21737679_fullText_123","21737679_fullText_135"]	ELF4 gene	C1414377
Dithiothreitol	C0012789	STIMULATES	["36128717_fullText_36"]	LOR gene	C1416897
Dithiothreitol	C0012789	STIMULATES	["21737679_fullText_39"]	SLC35G5 gene	C3469830
Dithiothreitol	C0012789	STIMULATES	["21737679_fullText_176"]	EIF2S1 wt Allele	C3539639
Air	C3536832	COEXISTS_WITH	["37770252_fullText_81","30520688_fullText_65","30520688_fullText_72","30520688_fullText_77"]	NDUFS4 gene	C1417647
Air	C3536832	COEXISTS_WITH	["37770252_fullText_87"]	LPO gene	C1416903
Air	C3536832	compared_with	["33752971_fullText_4"]	NDUFS4 gene	C1417647
Methionine	C0025646	PART_OF	["31959065_abstract_4"]	MGLL gene	C1442515
Methionine	C0025646	PART_OF	["28062662_fullText_7","21904051_fullText_60"]	GCDH gene	C1415009
Methionine	C0025646	COEXISTS_WITH	["38870029_fullText_61"]	AKR1A1 wt Allele	C3715044
Vitamin K 3	C0025270	STIMULATES	["27510504_fullText_3"]	GCDH gene	C1415009
Glucose	C0017725	PART_OF	["10852476_fullText_1"]	Genes, Microbial	C3658343
Glucose	C0017725	PART_OF	["33933677_fullText_4"]	PPARA gene	C1418776
Glucose	C0017725	PART_OF	["33933677_fullText_4"]	UCP1 gene	C1421313
Glucose	C0017725	COEXISTS_WITH	["32048023_abstract_9"]	AMD1 wt Allele	C3539530
Glucose	C0017725	COEXISTS_WITH	["34106226_fullText_58"]	AKR1A1 wt Allele	C3715044
Glucose	C0017725	COEXISTS_WITH	["35665995_fullText_65"]	GMPPA gene	C1539585
Glucose	C0017725	COEXISTS_WITH	["22956764_fullText_107"]	Alleles	C0002085
Morphine	C0026549	STIMULATES	["37097605_fullText_7"]	IMPACT gene	C1825598
Morphine	C0026549	STIMULATES	["34935460_fullText_3"]	CNR1 gene	C1413554
Today	C0310367	compared_with	["22838182_fullText_4"]	PMM2 gene	C1418674
Today	C0310367	higher_than	["22838182_fullText_4"]	PMM2 gene	C1418674
Lactate	C0376261	STIMULATES	["25807530_fullText_4"]	MTSS1 gene	C1426941
Lactate	C0376261	STIMULATES	["30995105_fullText_4"]	PDK1 wt Allele	C3541424
Polyethylene Glycols	C0032483	STIMULATES	["33743737_fullText_12"]	PMM2 gene	C1418674
Fluoxetine	C0016365	COEXISTS_WITH	["29395672_fullText_8"]	DOK7 gene	C1824957
Fluoxetine	C0016365	INHIBITS	["36599005_fullText_8"]	SLC6A4 gene	C1420214
Fluoxetine	C0016365	STIMULATES	["35977861_fullText_6"]	PENK gene	C1418457
Dimethyl Sulfoxide	C0012403	INHIBITS	["34329671_fullText_5"]	HCRTR2 gene	C1415502
Dimethyl Sulfoxide	C0012403	INHIBITS	["34329671_fullText_5","36736068_fullText_5"]	HCRTR1 gene	C1415501
Glycerin	C0017861	PART_OF	["25633985_fullText_111"]	TSPO gene	C1823521
trimethyloxamine	C0077194	COEXISTS_WITH	["35055180_fullText_120"]	FMO3 gene	C1414645
Hypnotics	C0020591	INHIBITS	["34210446_fullText_4","37218390_fullText_6","37218390_fullText_8"]	HCRTR2 gene	C1415502
Norepinephrine	C0028351	COEXISTS_WITH	["34755639_fullText_6"]	PINK1 gene	C1422771
Norepinephrine	C0028351	COEXISTS_WITH	["34197000_fullText_7"]	GRIA1 gene	C1415287
Ethidium Bromide	C0019873	COEXISTS_WITH	["23873129_fullText_97"]	CLCN1 gene	C1413450
Ethidium Bromide	C0019873	compared_with	["30135079_fullText_18"]	NGLY1 gene	C1425023
Tyrosine	C0041485	COEXISTS_WITH	["24028903_fullText_2","23673571_fullText_1","15369715_fullText_5"]	LRP2 wt Allele	C3811119
Tyrosine	C0041485	STIMULATES	["25333616_fullText_55"]	BCL2 gene	C0376515
Biopterin	C0005562	COEXISTS_WITH	["21416196_fullText_3","21416196_fullText_7"]	LRP2 wt Allele	C3811119
Biopterin	C0005562	COEXISTS_WITH__SPEC__	["21416196_fullText_3"]	LRP2 wt Allele	C3811119
Immune Sera	C0020960	PRODUCES	["9579395_fullText_3"]	DMPK gene	C1414085
Pyruvate	C0244104	PART_OF	["30429455_fullText_0"]	NDUFS8 gene	C1417651
Folate	C0178638	INHIBITS	["30373601_fullText_11"]	NDUFB3 gene	C1417635
Urea	C0041942	INHIBITS	["31454904_fullText_24"]	PMM2 gene	C1418674
Urea	C0041942	STIMULATES	["26488408_fullText_134"]	Wild Type	C1883559
Clofibrate	C0009002	COEXISTS_WITH	["32070771_fullText_9","34849584_fullText_242"]	NDUFS4 gene	C1417647
Clofibrate	C0009002	INTERACTS_WITH	["32070771_fullText_6","34849584_fullText_232"]	NDUFS4 gene	C1417647
NADH	C0027289	PART_OF	["25164807_fullText_80"]	MT-ND3 gene	C1537991
NADH	C0027289	PART_OF	["35217561_fullText_2"]	MT-ND1 gene	C1537989
NADH	C0027289	PART_OF	["33182419_fullText_4"]	NDUFV1 gene	C1417652
NADH	C0027289	COEXISTS_WITH	["38177503_fullText_19"]	Wild Type	C1883559
NADH	C0027289	INHIBITS	["30520688_fullText_121"]	NDUFS4 gene	C1417647
Galactose	C0016945	PART_OF	["32080367_fullText_86"]	TMEM165 gene	C1823430
Galactose	C0016945	PART_OF	["32080367_fullText_86"]	SLC39A8 gene	C1427169
Galactose	C0016945	COEXISTS_WITH	["30429455_fullText_37"]	CTF1 gene	C1332801
Galactose	C0016945	COEXISTS_WITH	["29112118_fullText_5","24997537_fullText_16","38968673_fullText_14"]	PGM1 gene	C1418516
Galactose	C0016945	STIMULATES	["33743737_fullText_12"]	PMM2 gene	C1418674
Galactose	C0016945	STIMULATES	["28777499_fullText_4"]	ICAM1 gene	C1334074
Valine	C0042285	COEXISTS_WITH	["10746566_fullText_6"]	Alleles	C0002085
Megestrol	C0025175	COEXISTS_WITH	["31996177_fullText_48"]	MT-ND5 gene	C1537994
Sugars	C0242209	COEXISTS_WITH	["21737679_fullText_119"]	ERN1 gene	C1414444
Ubiquinone	C0041536	compared_with	["11420171_fullText_4"]	Wild Type	C1883559
Blood lactate	C3824990	COEXISTS_WITH	["37770252_fullText_87"]	NDUFS4 gene	C1417647
Blood lactate	C3824990	higher_than	["35050903_fullText_29"]	HNRNPD wt Allele	C3540626
Blood lactate	C3824990	compared_with	["35050903_fullText_29"]	HNRNPD wt Allele	C3540626
Polysaccharides	C0032594	COEXISTS_WITH	["29497882_fullText_46"]	MAN1B1 gene	C1416994
Polysaccharides	C0032594	COEXISTS_WITH	["30135079_fullText_0"]	NGLY1 gene	C1425023
Polysaccharides	C0032594	COEXISTS_WITH	["29497882_fullText_45"]	ALG1 gene	C1425428
Polysaccharides	C0032594	COEXISTS_WITH	["21737679_fullText_43","21737679_fullText_51"]	ELF4 gene	C1414377
Polysaccharides	C0032594	COEXISTS_WITH	["29497882_fullText_30"]	PGM1 gene	C1418516
Polysaccharides	C0032594	COEXISTS_WITH	["29497882_fullText_32","35279850_fullText_112","22956764_fullText_102"]	PMM2 gene	C1418674
Polysaccharides	C0032594	COEXISTS_WITH	["29497882_fullText_45","38597022_fullText_7"]	MGAT2 gene	C1417134
Polysaccharides	C0032594	COEXISTS_WITH	["11680873_fullText_4"]	GYPA gene	C1367455
Polysaccharides	C0032594	COEXISTS_WITH	["36357165_fullText_5"]	MAN2A2 gene	C1416996
Polysaccharides	C0032594	INHIBITS	["30701557_fullText_8"]	VWF gene	C1336938
Polysaccharides	C0032594	STIMULATES	["27343064_fullText_164"]	DHDDS gene	C1427027
Polysaccharides	C0032594	STIMULATES	["35565658_fullText_176"]	NFE2L1 gene	C1417700
Polysaccharides	C0032594	compared_with	["33076454_fullText_29"]	SLC35A2 gene	C1420188
Polysaccharides	C0032594	higher_than	["33076454_fullText_29"]	SLC35A2 gene	C1420188
Polysaccharides	C0032594	CONVERTS_TO	["21737679_fullText_51"]	KCNMA1 gene	C1416602
Glycome	C2348869	COEXISTS_WITH	["33644825_fullText_8"]	PDCD6 gene	C1418406
acylcarnitine	C0368608	COEXISTS_WITH	["32872442_fullText_6","21431622_fullText_171"]	LRP2 wt Allele	C3811119
Nicotinamide adenine dinucleotide (NAD)	C0027270	PART_OF	["36745337_fullText_6"]	SIRT1 gene	C1423062
Nicotinamide adenine dinucleotide (NAD)	C0027270	COEXISTS_WITH	["33752971_fullText_7","34849584_fullText_239","30520688_fullText_92"]	NDUFS4 gene	C1417647
Nicotinamide adenine dinucleotide (NAD)	C0027270	INHIBITS	["30520688_fullText_121"]	NDUFS4 gene	C1417647
Nicotinamide adenine dinucleotide (NAD)	C0027270	STIMULATES	["30816177_fullText_5"]	HIF1A wt Allele	C1704838
Doxycycline	C0013090	STIMULATES	["24039817_fullText_82"]	Transgenes	C0282641
Acetylcysteine	C0001047	INHIBITS__SPEC__	["34171359_fullText_5"]	CYP1A1 gene	C0919425
Arginine	C0003765	STIMULATES	["25333616_fullText_55"]	BCL2 gene	C0376515
Arginine	C0003765	INTERACTS_WITH__SPEC__	["16765994_fullText_7"]	PAH gene	C1418251
Fatty Acids	C0015684	STIMULATES	["34192547_fullText_7"]	PPARA gene	C1418776
Thiamine	C0039840	COEXISTS_WITH	["26657515_fullText_4","23469184_fullText_90"]	SLC19A3 gene	C1424138
Thioctic Acid	C0023791	CONVERTS_TO	["24341803_fullText_8"]	LIPT1 gene	C1428876
Rotenone	C0035871	COEXISTS_WITH	["34849584_fullText_163"]	NDUFS4 gene	C1417647
Rotenone	C0035871	STIMULATES	["39231983_fullText_304"]	MPG gene	C1417239
malate	C0220873	PART_OF	["26824698_fullText_57"]	Wild Type	C1883559
Succinates	C0038617	COEXISTS_WITH	["30520688_fullText_88"]	NDUFS4 gene	C1417647
Lactic acid	C0064582	COEXISTS_WITH	["21431621_fullText_189"]	PYCR1 gene	C1419152
Lactic acid	C0064582	COEXISTS_WITH	["21431621_fullText_189"]	ALDH18A1 gene	C1538262
Carnitine	C0007258	COEXISTS_WITH	["28677031_fullText_5","28677031_fullText_6","28677031_fullText_8","28677031_fullText_10","37189159_fullText_180","37189159_fullText_186"]	LRP2 wt Allele	C3811119
Hydroxybutyrates	C0020332	STIMULATES	["26565911_fullText_4"]	Retinoic Acid Response Element	C1514917
Succinic Acid	C0075429	COEXISTS_WITH	["30520688_fullText_128"]	NDUFS4 gene	C1417647
Baclofen	C0004609	INHIBITS	["34607587_fullText_4"]	UBD gene	C1425779
Baclofen	C0004609	STIMULATES	["35253214_fullText_9"]	GABRQ gene	C1422662
Scopolamine	C0036442	COEXISTS_WITH	["36112867_fullText_4"]	SAA4 gene	C1419802
Scopolamine	C0036442	COEXISTS_WITH	["34830164_fullText_10"]	CFP gene	C1418482
Scopolamine	C0036442	COEXISTS_WITH	["34885751_fullText_4"]	STX2 gene	C1823140
Adrenal Cortex Hormones	C0001617	STIMULATES	["33926177_fullText_1"]	NEUROD1 gene	C1417683
Propranolol	C0033497	STIMULATES	["34145181_fullText_6"]	CASP3 gene	C1413132
Lipopolysaccharides	C0023810	STIMULATES	["36810148_fullText_8"]	SLC5A7 gene	C1422359
Isoflurane	C0022180	COEXISTS_WITH	["37770252_fullText_22","37770252_fullText_38","37770252_fullText_63","37770252_fullText_73","37770252_fullText_99","37770252_fullText_106","37770252_fullText_116"]	NDUFS4 gene	C1417647
Sulfur	C0038774	COEXISTS_WITH	["21696386_fullText_7"]	NDUFV1 gene	C1417652
Reduced Glutathione	C0034917	COEXISTS_WITH__SPEC__	["34425116_fullText_9"]	MDFIC gene	C1537673
Buthionine Sulfoximine	C0054252	INTERACTS_WITH	["34110719_fullText_5","34110719_fullText_6"]	EIF4E wt Allele	C3539643
Antiepileptic Agents	C0003299	COEXISTS_WITH	["17721876_fullText_1"]	ALDH7A1 gene	C1412691
Antiepileptic Agents	C0003299	STIMULATES	["35163968_fullText_1"]	CNR1 gene	C1413554
perampanel	C2698764	STIMULATES	["34080030_fullText_10"]	PTEN gene	C0694888
Phospholipids	C0031676	COEXISTS_WITH	["30446579_fullText_63"]	TSPO gene	C1823521
olanzapine	C0171023	INHIBITS	["34509568_fullText_9"]	CDK9 gene	C1413290
olanzapine	C0171023	STIMULATES	["33830427_fullText_7"]	SRI gene	C1420401
Plasmalogens	C0032133	COEXISTS_WITH	["20959636_fullText_2"]	PHEX gene	C1418526
ubiquinone 9	C0077664	COEXISTS_WITH	["38177503_fullText_120"]	NDUFS4 gene	C1417647
Long chain fatty acid	C0522095	COEXISTS_WITH	["27090541_fullText_3"]	PEX1 gene	C1418469
Copper	C0009968	COEXISTS_WITH	["32216104_fullText_13"]	ATP7A gene	C1412688
Copper	C0009968	COEXISTS_WITH	["32216104_fullText_13"]	ATP7B gene	C1412689
Copper	C0009968	INHIBITS	["37999884_fullText_7"]	BAX gene	C0812198
Isoleucine	C0022192	COEXISTS_WITH	["23412862_fullText_4"]	LRP2 wt Allele	C3811119
Vigabatrin	C0048044	COEXISTS_WITH	["38703411_fullText_10"]	ALG13 gene	C1823172
3-Hydroxyanthranilic Acid	C0000407	STIMULATES	["26565911_fullText_4"]	Retinoic Acid Response Element	C1514917
limited use	C3241999	COEXISTS_WITH	["26940433_fullText_2"]	PMM2 gene	C1418674
Alar	C0702172	COEXISTS_WITH	["28281558_fullText_8"]	PEX19 gene	C1419147
Analgesics	C0002771	STIMULATES	["36443270_fullText_1"]	HIF1A wt Allele	C1704838
Oligomycins	C0028951	STIMULATES	["39231983_fullText_304"]	MPG gene	C1417239
Hot Spot	C2947985	COEXISTS_WITH	["2883110_fullText_6"]	PAH gene	C1418251
Organic acids, Gynecological	C3541407	COEXISTS_WITH	["16573641_fullText_2"]	GCDH gene	C1415009
pentamethylmelamine	C0070302	COEXISTS_WITH	["11715002_fullText_3","11156536_fullText_9"]	PMM2 gene	C1418674
pentamethylmelamine	C0070302	CONVERTS_TO	["27053713_fullText_75"]	Alleles	C0002085
Sucrose	C0038636	PART_OF	["23118342_fullText_111"]	DSG1 gene	C1414168
Sucrose	C0038636	COEXISTS_WITH	["33771987_fullText_288","20959636_fullText_165"]	TSPO gene	C1823521
Formaldehyde	C0016564	COEXISTS_WITH	["25135935_fullText_159","23637619_fullText_69"]	TSPO gene	C1823521
Ketamine	C0022614	STIMULATES	["33904412_fullText_7"]	DRD1 gene	C1333250
Midazolam	C0026056	COEXISTS_WITH	["33862061_fullText_4"]	ETM2 gene	C1414475
Midazolam	C0026056	COEXISTS_WITH	["35802656_fullText_6"]	BCHE gene	C1412756
Tetrasaccharide	C0556151	COEXISTS_WITH__SPEC__	["29497882_fullText_45"]	ALG1 gene	C1425428
Tetrasaccharide	C0556151	COEXISTS_WITH	["35279850_fullText_41"]	PDCD6 gene	C1418406
Tetrasaccharide	C0556151	COEXISTS_WITH	["29497882_fullText_32"]	PMM2 gene	C1418674
Bupropion	C0085208	COEXISTS_WITH	["36073843_fullText_1"]	FXYD1 gene	C1414874
Antipsychotic Agents	C0040615	INHIBITS	["36768393_fullText_3"]	HTR7 gene	C1415816
Antipsychotic Agents	C0040615	INHIBITS	["36150811_fullText_4","37243798_fullText_1","37413718_fullText_1"]	HCRTR2 gene	C1415502
Methylamines	C0025719	CONVERTS_TO	["34830164_fullText_9"]	IMPACT gene	C1825598
N-Methylaspartate	C0079883	STIMULATES	["27091224_fullText_3"]	RAC1 gene	C1419227
Aspirin	C0004057	COEXISTS_WITH	["35849918_fullText_1"]	P2RY12 gene	C1425330
Memantine	C0025242	STIMULATES	["34474083_fullText_5"]	PISD gene	C1418591
Cannabidiol	C0006863	COEXISTS_WITH	["39231983_fullText_150"]	SLC3A2 gene	C1420192
Cannabidiol	C0006863	INHIBITS	["39231983_fullText_138"]	ROS1 wt Allele	C1709820
Cannabidiol	C0006863	INHIBITS	["39231983_fullText_41"]	GAD2 gene	C1414926
Cannabidiol	C0006863	STIMULATES	["39231983_fullText_166"]	SLC3A2 gene	C1420192
Cannabidiol	C0006863	STIMULATES	["39231983_fullText_71"]	CNR1 gene	C1413554
Carbidopa	C0006982	COEXISTS_WITH	["34717235_fullText_1"]	CBS gene	C1439329
Carbidopa	C0006982	INHIBITS	["36153039_fullText_7"]	DSE gene	C1427359
Carbidopa	C0006982	INHIBITS	["34439801_fullText_5"]	HCRTR1 gene	C1415501
Carbidopa	C0006982	INHIBITS	["36780161_fullText_6"]	STRA13 gene	C1420488
Carbidopa	C0006982	INHIBITS	["35976913_fullText_8"]	CSN2 gene	C1384512
Carbidopa	C0006982	STIMULATES	["36153039_fullText_9"]	S1PR3 gene	C1414255
Carbidopa	C0006982	compared_with	["36780161_fullText_5"]	STRA13 gene	C1420488
Triazines	C0040877	INHIBITS	["35228010_fullText_1"]	HTR6 gene	C1415815
Amines	C0002508	COEXISTS_WITH	["37630420_fullText_1"]	MAOB gene	C1417002
Amines	C0002508	INHIBITS	["35790065_fullText_5"]	MBNL1 gene	C1417055
Histamine	C0019588	PART_OF	["35163302_fullText_2"]	HRH4 gene	C1424950
Histamine	C0019588	STIMULATES	["34709518_fullText_5"]	MUC5AC gene	C1417497
MK-801	C0813872	INHIBITS	["37196827_fullText_5"]	HCRTR2 gene	C1415502
NMDA receptor antagonist	C0598695	INHIBITS	["34929317_fullText_9"]	UBD gene	C1425779
Antidepressive Agents	C0003289	COEXISTS_WITH	["34568977_fullText_5"]	TCF4 gene	C1420639
Antidepressive Agents	C0003289	INHIBITS	["36150811_fullText_4"]	HCRTR2 gene	C1415502
Antidepressive Agents	C0003289	INHIBITS	["34548628_fullText_1"]	SLC6A4 gene	C1420214
monoamine	C0599682	COEXISTS_WITH	["25274592_fullText_2"]	ALDH7A1 gene	C1412691
Glycopyrrolate	C0017970	COEXISTS_WITH	["37428619_fullText_7"]	LAMA1 gene	C1416775
Sorbitol	C0037688	COEXISTS_WITH	["34652821_fullText_12"]	PMM2 gene	C1418674
Cyclodextrins	C0010558	STIMULATES	["34601389_fullText_4"]	TSPO gene	C1823521
Adrenergic beta-Antagonists	C0001645	INHIBITS	["35672114_fullText_5"]	MSLN gene	C1334533
Adrenergic beta-Antagonists	C0001645	STIMULATES	["36687509_fullText_3"]	AKR1A1 wt Allele	C3715044
1,2-dilinolenoyl-3-(4-aminobutyryl)propane-1,2,3-triol	C0634829	COEXISTS_WITH	["35697777_fullText_1"]	P2RY12 gene	C1425330
TCS OX2 29	C3492123	INHIBITS	["33974952_fullText_4","36436175_fullText_5"]	HCRTR1 gene	C1415501
TCS OX2 29	C3492123	INHIBITS	["34320521_fullText_7","34718063_fullText_3"]	HCRTR2 gene	C1415502
TCS OX2 29	C3492123	INHIBITS	["35988849_fullText_4"]	OXR1 gene	C1423755
Carbachol	C0006945	COEXISTS_WITH	["34724104_fullText_7"]	MSN gene	C1417371
Nicotine	C0028040	COEXISTS_WITH	["33946328_fullText_7"]	LHB gene	C1416842
amsonic acid	C0051767	COEXISTS_WITH	["35095761_fullText_3"]	DRD2 wt Allele	C1707622
Adrenergic Antagonists	C0242889	compared_with	["35751619_fullText_6"]	KRT5 wt Allele	C3810570
Adrenergic Antagonists	C0242889	higher_than	["35751619_fullText_6"]	KRT5 wt Allele	C3810570
Metoprolol	C0025859	INHIBITS	["34800264_fullText_9"]	TP53 gene	C0079419
Metoprolol	C0025859	INHIBITS	["34800264_fullText_8"]	IFNAR1 wt Allele	C1708407
Metoprolol	C0025859	STIMULATES	["34529122_fullText_8"]	ACE gene	C1413931
Metoprolol	C0025859	STIMULATES	["35011613_fullText_5"]	HMOX1 gene	C1415619
mirabegron	C2983812	INHIBITS	["34471171_fullText_10"]	AGTR1 gene	C1439284
mirabegron	C2983812	STIMULATES	["36422657_fullText_1"]	EEF1B2P2 gene	C1414290
Paclitaxel	C0144576	STIMULATES	["33932119_fullText_16"]	AKR1A1 wt Allele	C3715044
Paclitaxel	C0144576	STIMULATES	["37725114_fullText_13"]	ABCB1 gene	C0376622
Quinpirole	C0072892	STIMULATES	["33850083_fullText_6","35032086_fullText_3"]	DRD2 gene	C1333253
Doxorubicin	C0013089	STIMULATES	["35979984_fullText_7"]	PEX1 gene	C1418469
donepezil	C0527316	INHIBITS	["33813359_fullText_6"]	CFP gene	C1418482
donepezil	C0527316	STIMULATES	["34078793_fullText_12"]	SNX33 gene	C1822710
Muscimol	C0026818	STIMULATES	["35352582_fullText_12"]	SLC12A5 gene	C1422213
Calcium Channel Blockers	C0006684	COEXISTS_WITH	["35323951_fullText_8"]	RAPH1 gene	C1422646
alpha-Amino-3-hydroxy-5-methyl-4-isoxazolepropionic Acid	C0051318	COEXISTS_WITH	["24594605_fullText_72"]	GCDH gene	C1415009
Didanosine	C0012133	INHIBITS	["37609698_fullText_1"]	P2RY12 gene	C1425330
Benzodiazepines	C0005064	INHIBITS	["37243798_fullText_1","37218390_fullText_8","35229895_fullText_6"]	HCRTR2 gene	C1415502
Benzodiazepines	C0005064	INHIBITS__SPEC__	["37218390_fullText_4","37218390_fullText_6"]	HCRTR2 gene	C1415502
Isoproterenol	C0022245	STIMULATES	["34564739_fullText_4"]	ALPL gene	C1412364
Isoproterenol	C0022245	STIMULATES	["35219697_fullText_8"]	PDE4A gene	C1418420
Isoproterenol	C0022245	STIMULATES	["34564739_fullText_4"]	RUNX2 gene	C1419771
SCH 58261	C0387956	STIMULATES	["35943710_fullText_7"]	SNAP25 gene	C1420270
CGS 21680	C0055233	COEXISTS_WITH	["36445101_fullText_9"]	GABRQ gene	C1422662
Antihistamines	C0003360	INHIBITS	["36150811_fullText_4"]	HCRTR2 gene	C1415502
Antihistamines	C0003360	INHIBITS	["35714693_fullText_9"]	TRPV2 gene	C1425290
Antihistamines	C0003360	STIMULATES	["35714693_fullText_4"]	TRPV2 gene	C1425290
Sepranolone	C0376202	COEXISTS_WITH	["35689899_fullText_5"]	CFP gene	C1418482
Sepranolone	C0376202	COEXISTS_WITH	["35689899_fullText_5"]	OLFM1 gene	C1424808
Sepranolone	C0376202	INHIBITS	["35967446_fullText_10"]	TLR4 gene	C1336636
Solifenacin	C1099677	STIMULATES	["36422657_fullText_1"]	EEF1B2P2 gene	C1414290
Neurosteroids	C0815278	PART_OF	["36587947_fullText_6"]	CYP11A1 gene	C1413855
Neurosteroids	C0815278	STIMULATES	["37040816_fullText_7"]	P2RX2 gene	C1423503
Muscarinic Antagonists	C0003385	STIMULATES	["34813532_fullText_2","37331921_fullText_8","36422657_fullText_1"]	EEF1B2P2 gene	C1414290
Muscarinic Antagonists	C0003385	compared_with__SPEC__	["34510960_fullText_1"]	AES gene	C1412268
dalfampridine	C0000477	COEXISTS_WITH	["34724104_fullText_6"]	MSN gene	C1417371
Sertraline	C0074393	INHIBITS	["35904815_fullText_5"]	HTR2B gene	C1415810
Cocaine	C0009170	INHIBITS	["37466616_fullText_2"]	SLC6A3 wt Allele	C3813713
Cocaine	C0009170	INTERACTS_WITH	["37466616_fullText_3","36507847_fullText_3","34906999_fullText_4","34906999_fullText_10"]	SLC6A3 wt Allele	C3813713
Cannabinoids	C0006864	COEXISTS_WITH	["39231983_fullText_4"]	PAFAH1B1 gene	C1418245
Cannabinoids	C0006864	COEXISTS_WITH	["36614142_fullText_10"]	SYNGAP1 gene	C1420546
Cannabinoids	C0006864	COEXISTS_WITH	["38030657_fullText_3"]	SMAD5-AS1 gene	C2239937
Cannabinoids	C0006864	INTERACTS_WITH	["37084981_fullText_1","37190758_fullText_3","39231983_fullText_172"]	CNR1 gene	C1413554
Cannabinoids	C0006864	STIMULATES	["35032552_fullText_8"]	MGLL gene	C1442515
Cannabinoids	C0006864	STIMULATES	["33838258_fullText_1"]	TRIM32 gene	C1424232
Cannabinoids	C0006864	STIMULATES	["35962200_fullText_5"]	CNR1 gene	C1413554
Cannabinoids	C0006864	STIMULATES	["33998869_fullText_5"]	CNR2 gene	C1413555
indole	C0021236	STIMULATES	["32357546_fullText_141"]	HSF1 gene	C1415749
Amides	C0002482	INHIBITS	["36322780_fullText_3"]	HCRTR2 gene	C1415502
5-(3-hydroxybenzoyl)-2-thiophenesulfonamide	C0048996	COEXISTS_WITH	["34509561_fullText_6","34509561_fullText_11","34509561_fullText_15","34509561_fullText_16"]	CFP gene	C1418482
5-(3-hydroxybenzoyl)-2-thiophenesulfonamide	C0048996	STIMULATES	["37778205_fullText_6"]	GRIA1 gene	C1415287
5-(3-hydroxybenzoyl)-2-thiophenesulfonamide	C0048996	STIMULATES	["37778205_fullText_6"]	GRIA2 gene	C1415288
5-(3-hydroxybenzoyl)-2-thiophenesulfonamide	C0048996	compared_with	["34259407_fullText_5"]	SGCA gene	C1420005
Tetrahydrocannabinol	C0039663	COEXISTS_WITH	["34389427_fullText_7"]	CFP gene	C1418482
Tetrahydrocannabinol	C0039663	INHIBITS	["35976913_fullText_8"]	CSN2 gene	C1384512
Tetrahydrocannabinol	C0039663	STIMULATES	["33998869_fullText_5"]	CNR2 gene	C1413555
Tetrahydrocannabinol	C0039663	STIMULATES	["36943159_fullText_3","36752668_fullText_3"]	ANLN gene	C1422396
Tetrahydrocannabinol	C0039663	STIMULATES	["33845076_fullText_6"]	SBDS gene	C1426244
Tetrahydrocannabinol	C0039663	STIMULATES	["36529297_fullText_9","37644761_fullText_2"]	CNR1 gene	C1413554
Marihuana	C0024808	COEXISTS_WITH	["34389427_fullText_4"]	CFP gene	C1418482
Marihuana	C0024808	COEXISTS_WITH	["34680044_fullText_6"]	CEL gene	C1413336
Marihuana	C0024808	COEXISTS_WITH	["35051702_fullText_4"]	TCFL5 gene	C1420648
Marihuana	C0024808	STIMULATES	["37543275_fullText_2"]	CNR2 gene	C1413555
Marihuana	C0024808	STIMULATES	["34012003_fullText_3","37543275_fullText_2"]	CNR1 gene	C1413554
Hallucinogens	C0018533	STIMULATES	["37474114_fullText_1"]	TRIM32 gene	C1424232
Psilocybine	C0033850	STIMULATES	["36807609_fullText_3"]	IMPACT gene	C1825598
Dexmedetomidine	C0113293	INHIBITS	["36613961_fullText_6"]	MALAT1 gene	C1537647
Escitalopram	C1099456	COEXISTS_WITH	["36164782_fullText_4"]	CYP2C19 gene	C1332828
Escitalopram	C1099456	COEXISTS_WITH	["35660811_fullText_8"]	PPARGC1B gene	C1428918
Escitalopram	C1099456	COEXISTS_WITH	["36164782_fullText_4"]	CYP2D6 gene	C1332830
Escitalopram	C1099456	COEXISTS_WITH	["36164782_fullText_4"]	SLC6A4 gene	C1420214
Escitalopram	C1099456	compared_with	["38001423_fullText_2"]	RAB3D gene	C1419208
Cholinesterase Inhibitors	C0008425	INHIBITS	["34461507_fullText_4"]	HTR6 gene	C1415815
Cholinesterase Inhibitors	C0008425	INHIBITS	["37406982_fullText_7"]	BACE1 gene	C1412727
Hydrocortisone	C0020268	STIMULATES	["34418746_fullText_7"]	STX2 gene	C1823140
temozolomide	C0076080	COEXISTS_WITH	["37389718_fullText_3"]	SRL gene	C1420403
Imipramine	C0020934	STIMULATES	["34571049_fullText_3"]	GRM5 gene	C1333712
Phenylalanine	C0031453	PART_OF	["38091797_fullText_5"]	EHD1 wt Allele	C4284302
Phenylalanine	C0031453	PART_OF	["33766497_fullText_5","33766497_fullText_7","31433494_fullText_4","15369715_fullText_3"]	LRP2 wt Allele	C3811119
Phenylalanine	C0031453	PART_OF	["19277893_fullText_5"]	THEMIS gene	C1427618
Phenylalanine	C0031453	PART_OF	["6186515_fullText_4"]	SMAD5-AS1 gene	C2239937
Phenylalanine	C0031453	PART_OF	["9434741_fullText_6"]	STMN1 gene	C1416797
Phenylalanine	C0031453	PART_OF	["32519510_fullText_4"]	DNAJC12 gene	C1539297
Phenylalanine	C0031453	PART_OF	["38068761_abstract_24","33766497_fullText_7"]	IMPACT gene	C1825598
Phenylalanine	C0031453	COEXISTS_WITH	["36296952_fullText_4"]	AKR1A1 wt Allele	C3715044
Phenylalanine	C0031453	COEXISTS_WITH	["8353710_fullText_8"]	C7orf49 gene	C1824234
Phenylalanine	C0031453	COEXISTS_WITH	["32800687_fullText_2","32800687_fullText_4"]	DNAJC12 gene	C1539297
Phenylalanine	C0031453	COEXISTS_WITH	["36768810_fullText_3","36127606_fullText_1","32245393_fullText_3","24028903_fullText_2","23673571_fullText_1","23673571_fullText_3","23397086_fullText_5","23397086_fullText_6","15369715_fullText_5"]	LRP2 wt Allele	C3811119
Phenylalanine	C0031453	COEXISTS_WITH	["37553307_fullText_1"]	PAH gene	C1418251
Phenylalanine	C0031453	INHIBITS	["17515837_fullText_5"]	RHOA gene	C0812234
Phenylalanine	C0031453	INHIBITS	["17515837_fullText_5"]	RAC1 gene	C1419227
Phenylalanine	C0031453	INHIBITS	["19946178_fullText_4"]	TTR gene	C1421224
Phenylalanine	C0031453	INHIBITS	["37848450_fullText_36"]	DDOST gene	C1413949
Phenylalanine	C0031453	compared_with	["29520738_fullText_3"]	Wild Type	C1883559
Phenylalanine	C0031453	compared_with	["29628378_fullText_4"]	AES gene	C1412268
Phenylalanine	C0031453	compared_with	["38142628_fullText_4"]	MNT gene	C1417222
Phenylalanine	C0031453	higher_than	["38142628_fullText_4"]	MNT gene	C1417222
Dopamine Antagonists	C0242702	PART_OF	["37491763_fullText_11"]	DRD2 gene	C1333253
Phenylephrine	C0031469	COEXISTS_WITH	["36927146_fullText_3"]	IMPACT gene	C1825598
Anticholinergic Agents	C0242896	STIMULATES	["35428429_fullText_2","35781322_fullText_5"]	EEF1B2P2 gene	C1414290
Anticholinergic Agents	C0242896	STIMULATES	["34911424_fullText_4"]	NGF gene	C1417719
Paroxetine	C0070122	COEXISTS_WITH	["37012633_fullText_6"]	PRB1 gene	C1418866
Paroxetine	C0070122	INHIBITS	["34662565_fullText_8"]	KCNA3 gene	C1416546
Norepinephrine re-uptake inhibitor	C1319313	COEXISTS_WITH	["34240839_fullText_4"]	WASF1 gene	C1421479
Norepinephrine re-uptake inhibitor	C1319313	compared_with	["35174411_fullText_10"]	IMPACT gene	C1825598
Proton Pump Inhibitors	C0358591	COEXISTS_WITH	["36585832_fullText_11"]	SPNS1 gene	C2240043
Proton Pump Inhibitors	C0358591	INHIBITS	["35968582_fullText_6"]	FASN gene	C1367441
Proton Pump Inhibitors	C0358591	INHIBITS	["34213594_fullText_5"]	ALPL gene	C1412364
Proton Pump Inhibitors	C0358591	COEXISTS_WITH__SPEC__	["37874311_fullText_5"]	FAM64A gene	C1825121
Ticagrelor	C1999375	COEXISTS_WITH	["37466284_fullText_1"]	CALD1 wt Allele	C3813548
Ticagrelor	C1999375	COEXISTS_WITH	["35961855_fullText_1"]	P2RY12 gene	C1425330
Ticagrelor	C1999375	COEXISTS_WITH	["34708996_fullText_1"]	CYP2C19 gene	C1332828
Ticagrelor	C1999375	INHIBITS	["34283374_fullText_4"]	SLC29A1 gene	C1420171
Ticagrelor	C1999375	INHIBITS	["33819246_fullText_1","37589138_fullText_4","35514270_fullText_7","34918066_fullText_17"]	P2RY12 gene	C1425330
Ticagrelor	C1999375	INTERACTS_WITH__SPEC__	["34283374_fullText_1"]	P2RY12 gene	C1425330
clopidogrel	C0070166	COEXISTS_WITH	["37466284_fullText_1"]	CALD1 wt Allele	C3813548
clopidogrel	C0070166	COEXISTS_WITH	["34708996_fullText_1","35033458_fullText_1"]	CYP2C19 gene	C1332828
clopidogrel	C0070166	COEXISTS_WITH	["36743859_fullText_8"]	P2RY12 gene	C1425330
clopidogrel	C0070166	INHIBITS	["35678974_fullText_1","36631918_fullText_1"]	P2RY12 gene	C1425330
prasugrel	C1620287	COEXISTS_WITH	["37466284_fullText_1"]	CALD1 wt Allele	C3813548
prasugrel	C1620287	INHIBITS	["36631918_fullText_1","35514270_fullText_7","34918066_fullText_17"]	P2RY12 gene	C1425330
8-Hydroxy-2-(di-n-propylamino)tetralin	C0050079	COEXISTS_WITH	["33862061_fullText_4"]	ETM2 gene	C1414475
fostriecin	C0118175	INHIBITS	["36368443_fullText_6"]	CFP gene	C1418482
fostriecin	C0118175	STIMULATES	["34568977_fullText_4","34498115_fullText_4"]	STX2 gene	C1823140
Progesterone	C0033308	STIMULATES	["10343282_fullText_10"]	HSD17B4 gene	C1415740
Methamphetamine	C0025611	STIMULATES	["35788684_fullText_8"]	CFP gene	C1418482
Trazodone	C0040805	INHIBITS	["37243798_fullText_1"]	HCRTR2 gene	C1415502
AM 251	C0534009	INHIBITS	["35093468_fullText_4"]	CNR1 gene	C1413554
Sugammadex	C1700695	INHIBITS	["37933001_fullText_2"]	PPCS gene	C1826654
Corticosterone	C0010124	STIMULATES	["35977861_fullText_6"]	PENK gene	C1418457
Hydroxyindoleacetic Acid	C0020361	COEXISTS_WITH	["26653793_fullText_7"]	Wild Type	C1883559
5-Hydroxytryptophan	C0000578	PART_OF	["23660475_fullText_7"]	GCH1 gene	C1415012
Curcumin	C0010467	STIMULATES	["35032552_fullText_7"]	CNR1 gene	C1413554
Psychostimulant	C0304403	INHIBITS	["37446929_fullText_4"]	SLC6A3 wt Allele	C3813713
Psychostimulant	C0304403	INTERACTS_WITH	["34515205_fullText_2","36730201_fullText_1"]	SLC6A3 wt Allele	C3813713
Almorexant	C1871407	INHIBITS	["36436175_fullText_5"]	HCRTR1 gene	C1415501
Adrenergic Agonists	C0001648	COEXISTS_WITH	["31220253_fullText_8"]	COLQ gene	C1413603
lurasidone	C2003424	INHIBITS	["36768393_fullText_3"]	HTR7 gene	C1415816
lurasidone	C2003424	INHIBITS	["34348620_fullText_1"]	TRIM32 gene	C1424232
Serotonin Antagonists	C0036753	INHIBITS	["33961287_fullText_3"]	DRD2 gene	C1333253
Agomelatine	C0971637	STIMULATES	["34453945_fullText_8"]	NOTCH1 gene	C1334889
Mirtazapine	C0049506	INHIBITS	["37243798_fullText_1"]	HCRTR2 gene	C1415502
formoterol	C0060657	INHIBITS	["34341099_fullText_6"]	EGR1 gene	C1414314
Adrenergic beta-Agonists	C0001644	COEXISTS_WITH	["31773638_fullText_8","29865088_fullText_2"]	COLQ gene	C1413603
Adrenergic beta-Agonists	C0001644	COEXISTS_WITH	["29865088_fullText_2"]	DOK7 gene	C1824957
Albuterol	C0001927	COEXISTS_WITH	["23790237_fullText_1"]	DOK7 gene	C1824957
Albuterol	C0001927	COEXISTS_WITH	["31773638_fullText_8","31220253_fullText_5"]	COLQ gene	C1413603
Albuterol	C0001927	STIMULATES	["33940111_fullText_2"]	SLC12A3 gene	C1420092
Albuterol	C0001927	compared_with	["34530132_fullText_3"]	LAMA1 gene	C1416775
quetiapine	C0123091	INHIBITS	["34509568_fullText_9"]	CDK9 gene	C1413290
Pimozide	C0031935	STIMULATES	["34536428_fullText_7"]	EGR1 gene	C1414314
Sulpiride	C0038803	COEXISTS_WITH	["34662693_fullText_4","34662693_fullText_5"]	NLRP1 wt Allele	C3538756
Sulpiride	C0038803	INHIBITS	["34662693_fullText_6"]	IMPACT gene	C1825598
Sulpiride	C0038803	INHIBITS	["33862125_fullText_6"]	DRD2 gene	C1333253
Tiapride	C0040180	INHIBITS	["34015443_fullText_6"]	IFNG gene	C1334085
Tiapride	C0040180	INHIBITS	["34015443_fullText_6"]	ACACA wt Allele	C3541413
carvedilol	C0054836	COEXISTS_WITH	["36897563_fullText_6"]	EVL gene	C1426797
carvedilol	C0054836	INHIBITS	["33910429_fullText_5"]	CYP2D6 gene	C1332830
carvedilol	C0054836	compared_with	["36897563_fullText_5"]	EVL gene	C1426797
carvedilol	C0054836	higher_than	["36897563_fullText_5"]	EVL gene	C1426797
Opioids	C0242402	STIMULATES	["35032552_fullText_8"]	MGLL gene	C1442515
tamsulosin	C0257343	COEXISTS_WITH	["34751931_fullText_3"]	CYP2D6 gene	C1332830
Suvorexant	C3179535	INHIBITS	["34330170_fullText_2","37243798_fullText_1","36928850_fullText_4","35868501_fullText_1","35554590_fullText_3","37931704_fullText_6"]	HCRTR2 gene	C1415502
Pentazocine	C0030873	INHIBITS	["34597607_fullText_2"]	OPRK1 gene	C1417963
Oxidopamine	C0085196	INHIBITS	["34185060_fullText_8"]	ATOX1 gene	C1412627
Oxidopamine	C0085196	INHIBITS	["34185060_fullText_8"]	ATP7A gene	C1412688
paraform	C0070066	COEXISTS_WITH	["26940433_fullText_122","32368833_fullText_141","9382874_fullText_58","24792155_fullText_27","26515653_fullText_114"]	TSPO gene	C1823521
Quercetin	C0034392	STIMULATES	["36235240_fullText_7"]	SYK gene	C1335892
Aspartame	C0003999	PRODUCES	["33672234_fullText_8"]	IMPACT gene	C1825598
Hypnotics and Sedatives	C0020592	COEXISTS_WITH	["35472683_fullText_5"]	CPB2 gene	C1413666
Hypnotics and Sedatives	C0020592	STIMULATES	["36443270_fullText_1"]	HIF1A wt Allele	C1704838
Levobunolol	C0006388	INHIBITS	["34863129_fullText_6"]	KRT3 gene	C1416740
Fluorouracil	C0016360	STIMULATES	["37833878_fullText_11"]	FOXM1 wt Allele	C3538717
Aldehydes	C0001992	INHIBITS	["35790065_fullText_5"]	MBNL1 gene	C1417055
AM 630	C0298440	STIMULATES	["36058263_fullText_9"]	BAX gene	C0812198
AM 630	C0298440	INHIBITS	["36058263_fullText_2"]	CNR2 gene	C1413555
Ellagic Acid	C0013900	INHIBITS	["34332286_fullText_6"]	BACE1 gene	C1412727
2,2'-azino-di-(3-ethylbenzothiazoline)-6-sulfonic acid	C0045246	INHIBITS	["33806197_fullText_3"]	LPO gene	C1416903
fasudil	C0062068	INHIBITS	["34033116_fullText_14"]	ROCK2 gene	C1419598
Hydroxymethylglutaryl-CoA Reductase Inhibitors	C0360714	INHIBITS	["37057874_fullText_9"]	FOXM1 gene	C1414685
Methylphenidate	C0025810	COEXISTS_WITH	["34118233_fullText_8"]	SPTA1 gene	C1420385
Methylphenidate	C0025810	INTERACTS_WITH__SPEC__	["35661631_fullText_9"]	CFP gene	C1418482
Monoamine Oxidase Inhibitors	C0026457	INHIBITS	["35362382_fullText_4"]	EPR1 gene	C1414436
3,4-Dihydroxyphenylacetic Acid	C0000376	COEXISTS_WITH	["34774992_fullText_5"]	NLRP1 wt Allele	C3538756
3,4-Dihydroxyphenylacetic Acid	C0000376	COEXISTS_WITH	["34774992_fullText_5"]	CFP gene	C1418482
3,4-Dihydroxyphenylacetic Acid	C0000376	COEXISTS_WITH	["34774992_fullText_5"]	CPB2 gene	C1413666
Sulfonamides	C0038760	STIMULATES	["36690040_fullText_5"]	HCRTR2 gene	C1415502
Pyridostigmine Bromide	C0034262	COEXISTS_WITH	["20431904_fullText_8"]	Alleles	C0002085
CDPPB	C1743791	COEXISTS_WITH	["34710401_fullText_1"]	CFP gene	C1418482
BA 2	C0658102	INHIBITS	["34710401_fullText_7"]	CFP gene	C1418482
Melatonin receptor agonists, hypnotics and sedatives	C3541970	INHIBITS	["36150811_fullText_4","37218390_fullText_4"]	HCRTR2 gene	C1415502
Colforsin	C0917964	INHIBITS	["34919904_fullText_7"]	ASIC1 gene	C1412115
Ritanserin	C0085260	STIMULATES	["34700241_fullText_5"]	PAX6 gene	C1418276
Purinergic Agonists	C2936567	STIMULATES	["34695768_fullText_3"]	STAT3 gene	C1367307
compound 17	C0605315	INHIBITS	["34461507_fullText_4"]	HTR6 gene	C1415815
MAO B Inhibitors, dopaminergic anti-parkinson drugs	C3653412	COEXISTS_WITH	["37935702_fullText_3"]	AES gene	C1412268
MAO B Inhibitors, dopaminergic anti-parkinson drugs	C3653412	INHIBITS	["35066317_fullText_2"]	MAOB gene	C1417002
decynium 22	C0220596	INHIBITS	["35954298_fullText_5"]	SLC29A4 gene	C1427914
lorcaserin	C2350948	COEXISTS_WITH	["35644487_fullText_10"]	NLRP1 wt Allele	C3538756
Terpenes	C0039561	STIMULATES	["33859287_fullText_7"]	CNR1 gene	C1413554
Cystine	C0010682	COEXISTS_WITH	["38870029_fullText_61"]	AKR1A1 wt Allele	C3715044
Cystine	C0010682	PART_OF	["38870029_fullText_61"]	AKR1A1 wt Allele	C3715044
NS398	C1567346	STIMULATES	["34571049_fullText_11"]	GRM5 gene	C1333712
WAY 100635	C0290799	INHIBITS	["35051421_fullText_9"]	TRIM32 gene	C1424232
Cortisone	C0010137	INHIBITS	["35319073_fullText_8"]	IDO1 gene	C1416433
Pulmonary Surfactants	C0034085	PART_OF	["23949219_fullText_91"]	TPPP3 gene	C2240116
Lipase	C0023764	INHIBITS	["36316118_fullText_6"]	FAAH gene	C1414512
Polyunsaturated Fatty Acids	C0032615	PART_OF	["28367954_fullText_58"]	PPARGC1A gene	C1418779
Polyunsaturated Fatty Acids	C0032615	COEXISTS_WITH	["9062899_fullText_1"]	PEX2 gene	C1419149
1,2-diacylglycerol	C0043791	STIMULATES	["37093422_fullText_10"]	TRPC6 gene	C1421173
Pterins	C0033992	COEXISTS_WITH	["21416196_fullText_3","21416196_fullText_4"]	LRP2 wt Allele	C3811119
Pterins	C0033992	COEXISTS_WITH__SPEC__	["21416196_fullText_3"]	LRP2 wt Allele	C3811119
aprepitant	C1176306	INHIBITS	["34942533_fullText_7","34942533_fullText_8"]	B3GAT1 gene	C1412716
aprepitant	C1176306	INHIBITS	["34515205_fullText_7"]	SLC6A3 wt Allele	C3813713
rimonabant	C1142933	COEXISTS_WITH	["36442615_fullText_2"]	NPS gene	C1836075
rimonabant	C1142933	INHIBITS	["36291128_fullText_1"]	CNR1 gene	C1413554
rimonabant	C1142933	STIMULATES	["33794254_fullText_4"]	CNR2 gene	C1413555
rimonabant	C1142933	STIMULATES	["35429587_fullText_8"]	CNR1 gene	C1413554
Ephedrine	C0014479	COEXISTS_WITH	["31773638_fullText_8"]	COLQ gene	C1413603
Fura-2	C0079389	STIMULATES	["33809893_fullText_5"]	GPR55 gene	C1415245
Human Platelet Antigens	C0085355	STIMULATES	["24488205_fullText_6"]	GCLC wt Allele	C1704697
Non-esterified cholesterol	C0368909	INHIBITS	["32368833_fullText_18"]	SHH gene	C1335824
Kainate	C0205812	STIMULATES	["34730179_fullText_2"]	KARS gene	C1416540
Ras Inhibitor	C1514727	INHIBITS	["35672114_fullText_5"]	MSLN gene	C1334533
ranolazine	C0073633	STIMULATES	["37122215_fullText_5"]	SCN5A gene	C1419864
Dextromethorphan	C0011816	compared_with	["34227748_fullText_6"]	Wild Type	C1883559
Bromocriptine	C0006230	INHIBITS	["34814904_fullText_10","34814904_fullText_11"]	MAPK11 gene	C1366875
Bromocriptine	C0006230	INHIBITS	["34814904_fullText_9"]	MAPK12 gene	C1366897
Bromocriptine	C0006230	INHIBITS	["34814904_fullText_9"]	MAPK13 gene	C1366898
Stimulant	C0304402	INTERACTS_WITH__SPEC__	["35661631_fullText_9"]	CFP gene	C1418482
SCH 23390	C0080138	COEXISTS_WITH	["34662693_fullText_4","34662693_fullText_5"]	NLRP1 wt Allele	C3538756
SCH 23390	C0080138	INHIBITS	["35077763_fullText_5"]	GRIN2B gene	C1415300
SCH 23390	C0080138	INHIBITS	["35077763_fullText_5"]	GRIN2A gene	C1415299
SCH 23390	C0080138	INHIBITS	["33993443_fullText_5"]	IMPACT gene	C1825598
Estrogens	C0014939	COEXISTS_WITH	["36686456_fullText_4"]	MSN gene	C1417371
Estrogens	C0014939	INHIBITS	["35212023_fullText_3"]	IMPACT gene	C1825598
Estrogens	C0014939	STIMULATES	["36557887_fullText_75"]	NDUFS8 gene	C1417651
Estrogens	C0014939	STIMULATES	["33766648_fullText_9"]	CYP1A2 gene	C1332826
Estrogens	C0014939	STIMULATES	["33766648_fullText_9"]	MYC gene	C0086661
Estrogens	C0014939	STIMULATES	["36152742_fullText_10"]	GPER1 gene	C1415223
TRYPSIN	C0041236	COEXISTS_WITH	["26908607_fullText_164"]	TSPO gene	C1823521
Thienopyridines	C2936588	INHIBITS	["35514261_fullText_4"]	P2RY1 gene	C1418217
5-alpha Reductase Inhibitors	C2936788	STIMULATES	["35428429_fullText_2"]	EEF1B2P2 gene	C1414290
Anti-Inflammatory Agents, Non-Steroidal	C0003211	STIMULATES	["32054946_fullText_4","27126921_fullText_5"]	MBNL1 gene	C1417055
Zinc	C0043481	COEXISTS_WITH	["15158304_fullText_10"]	HSD11B1 wt Allele	C3715113
Diphosphates	C0034320	COEXISTS_WITH	["30061496_fullText_72"]	ALG6 gene	C1427953
MRS 2179	C0674169	STIMULATES	["35514261_fullText_8"]	RAP1B gene	C1419266
MRS 2179	C0674169	INHIBITS	["35514261_fullText_4"]	P2RY1 gene	C1418217
LY 294002	C0251991	STIMULATES	["35514261_fullText_8"]	RAP1B gene	C1419266
LY 294002	C0251991	INHIBITS	["35514261_fullText_4"]	P2RY1 gene	C1418217
Homovanillate	C0178681	COEXISTS_WITH	["34774992_fullText_5"]	NLRP1 wt Allele	C3538756
Homovanillate	C0178681	COEXISTS_WITH	["34774992_fullText_5"]	CFP gene	C1418482
Homovanillate	C0178681	COEXISTS_WITH	["34774992_fullText_5"]	CPB2 gene	C1413666
Homovanillate	C0178681	COEXISTS_WITH	["34197000_fullText_7"]	GRIA1 gene	C1415287
Homovanillate	C0178681	COEXISTS_WITH	["26653793_fullText_7"]	Wild Type	C1883559
nornuciferine	C0069016	INHIBITS	["34139281_fullText_9"]	TRIM32 gene	C1424232
Methyl Group	C0596922	INHIBITS	["25303993_fullText_4"]	MBNL1 gene	C1417055
SB-334867	C1097132	INHIBITS	["36165531_fullText_7","37172740_fullText_6","36280008_fullText_4"]	HCRTR1 gene	C1415501
Alkynes	C0002078	COEXISTS_WITH	["25164984_fullText_6"]	MBNL1 gene	C1417055
Antiemetics	C0003297	INHIBITS	["34106456_fullText_7"]	B3GAT1 gene	C1412716
ramelteon	C1565316	INHIBITS	["37243798_fullText_1"]	HCRTR2 gene	C1415502
JTE 907	C0965044	STIMULATES	["33809893_fullText_4"]	GPR55 gene	C1415245
JTE 907	C0965044	STIMULATES	["33809893_fullText_3"]	CNR2 gene	C1413555
cangrelor	C1121991	INHIBITS	["34229761_fullText_3"]	GPR17 gene	C1333691
cangrelor	C1121991	INHIBITS	["34331235_fullText_2","37609698_fullText_1"]	P2RY12 gene	C1425330
cangrelor	C1121991	compared_with	["33961829_fullText_1","33961829_fullText_12"]	GTPBP1 gene	C1415351
Sumatriptan	C0075632	COEXISTS_WITH	["37524744_fullText_9"]	VIPR2 gene	C1421452
Sumatriptan	C0075632	COEXISTS_WITH	["37524744_fullText_9"]	GNAI1 gene	C1415142
HU 210	C0526470	INHIBITS	["33794254_fullText_4","35790401_fullText_9"]	CNR1 gene	C1413554
SR 144528	C0671375	INHIBITS	["34678230_fullText_12"]	CNR2 gene	C1413555
Pregnanolone	C0033008	INTERACTS_WITH	["33988248_fullText_5","33988248_fullText_6"]	UNC13A gene	C1427949
SR 141716A	C0258459	INHIBITS	["36858108_fullText_6"]	CNR1 gene	C1413554
Estradiol	C0014912	STIMULATES	["35628371_fullText_6"]	SLC5A7 gene	C1422359
Estradiol	C0014912	STIMULATES	["35628371_fullText_6"]	SLC18A3 gene	C1420116
Hematoxylin	C0018964	STIMULATES	["35385891_fullText_6"]	CALD1 wt Allele	C3813548
Transforming Growth Factor Beta 1	C1704256	INHIBITS	["34736899_fullText_12"]	HMGB1 gene	C1333908
Transforming Growth Factor Beta 1	C1704256	STIMULATES	["33901873_fullText_7"]	SMAD2 gene	C1334468
Membrane Lipids	C0025249	COEXISTS_WITH	["21384228_fullText_1","21384228_fullText_0"]	CEL gene	C1413336
Phenethylamines	C0031399	INTERACTS_WITH	["34996979_fullText_6","34996979_fullText_8"]	MAOB gene	C1417002
Aversion	C2825146	COEXISTS_WITH	["34326141_fullText_11"]	LHB gene	C1416842
Aversion	C2825146	STIMULATES	["35341569_fullText_5"]	CNR1 gene	C1413554
DAPI	C0057142	COEXISTS_WITH	["28916769_fullText_101"]	GCLC wt Allele	C1704697
roscovitine	C0536217	INHIBITS	["36473591_fullText_10"]	CDK5 gene	C1332735
Metformin	C0025598	STIMULATES	["33315951_fullText_62"]	NGLY1 gene	C1425023
prucalopride	C0913506	INHIBITS	["36581089_fullText_6"]	TAC1 gene	C1420563
ganaxolone	C0537150	COEXISTS_WITH	["35748707_fullText_4"]	TYRO3 wt Allele	C1705701
Anti-Arrhythmia Agents	C0003195	INHIBITS	["34062207_fullText_2"]	KCNA4 gene	C1416547
Thiazides	C0541746	COEXISTS_WITH	["35323951_fullText_5"]	RAPH1 gene	C1422646
promegapoietin	C0678075	COEXISTS_WITH	["28281558_fullText_6"]	PEX19 gene	C1419147
Go 6976	C0215863	INHIBITS	["37394095_fullText_7"]	PRRT2 wt Allele	C3539645
chelerythrine	C0055278	INHIBITS	["37394095_fullText_7"]	PRRT2 wt Allele	C3539645
Loratadine	C0065180	INHIBITS	["35714693_fullText_5"]	TRPV2 gene	C1425290
Loratadine	C0065180	INHIBITS	["35409346_fullText_6"]	JUN gene	C0162508
Loratadine	C0065180	STIMULATES	["35714693_fullText_4"]	TRPV2 gene	C1425290
Phosphodiesterase 5 inhibitor	C1318700	STIMULATES	["35428429_fullText_2"]	EEF1B2P2 gene	C1414290
O,O-diisopropyl-S-benzylthiophosphate	C0064368	INHIBITS	["35124136_fullText_3"]	P2RX7 gene	C1418215
Terbutaline	C0039542	INHIBITS	["35121794_fullText_8"]	FAM64A gene	C1825121
Bile Acids	C0005390	COEXISTS_WITH	["20959636_fullText_2"]	PHEX gene	C1418526
Bile Acids	C0005390	INHIBITS	["27469511_fullText_77"]	SLC10A1 gene	C1420086
Bile Acids	C0005390	INHIBITS	["14673138_fullText_8"]	PEX2 gene	C1419149
Isoflavones	C0022179	INHIBITS	["35489334_fullText_5"]	CNR1 gene	C1413554
Genistein	C0061202	INHIBITS	["35489334_fullText_9"]	CNR1 gene	C1413554
Genistein	C0061202	INHIBITS__SPEC__	["35489334_fullText_5"]	CNR1 gene	C1413554
umeclidinium	C3661274	COEXISTS_WITH	["37428619_fullText_7"]	LAMA1 gene	C1416775
Glucocorticoids	C0017710	compared_with	["30740912_fullText_49"]	AAAS gene	C1422135
Glucocorticoids	C0017710	same_as	["30740912_fullText_49"]	AAAS gene	C1422135
Product base	C0360301	INHIBITS	["33998860_fullText_15"]	SLC22A2 gene	C1420137
Product base	C0360301	INHIBITS	["33998860_fullText_15"]	SLCO1B1 gene	C1420131
Product base	C0360301	INHIBITS	["33998860_fullText_15"]	SLCO1B3 gene	C1420132
Product base	C0360301	INHIBITS	["33998860_fullText_14"]	SLC47A1 gene	C1853262
Product base	C0360301	INHIBITS	["33998860_fullText_14"]	SLC47A2 gene	C1853261
Product base	C0360301	INHIBITS	["33998860_fullText_15"]	ABCB11 gene	C1412070
Product base	C0360301	INHIBITS	["33998860_fullText_15"]	SLC22A6 gene	C1420141
tetrahydrodeoxycorticosterone	C0047053	INHIBITS	["35967446_fullText_7","35967446_fullText_12"]	TLR4 gene	C1336636
desloratadine	C0908935	INHIBITS	["33726554_fullText_6"]	HRH1 gene	C1439351
Eosine Yellowish	C0014448	STIMULATES	["35385891_fullText_6"]	CALD1 wt Allele	C3813548
Phentolamine	C0031448	COEXISTS_WITH	["36927146_fullText_3"]	IMPACT gene	C1825598
Phentolamine	C0031448	STIMULATES	["35790355_fullText_11","35790355_fullText_12"]	SLC1A2 gene	C1420120
Anti-Diarrheal	C0718565	COEXISTS_WITH	["34625464_fullText_8"]	CNR1 gene	C1413554
Oxycodone	C0030049	INHIBITS	["33988725_fullText_4"]	B3GAT1 gene	C1412716
Cotinine	C0010194	COEXISTS_WITH	["36914092_fullText_3"]	NLRP1 wt Allele	C3538756
Cisatracurium	C1096766	INHIBITS	["35393764_fullText_7"]	AQP5 gene	C1412495
Cisatracurium	C1096766	INHIBITS	["35393764_fullText_7"]	CACNA1C gene	C1413057
amthamine	C0171368	INHIBITS	["36184118_fullText_5"]	SHH gene	C1335824
Dimaprit	C0058185	INHIBITS	["36184118_fullText_5"]	SHH gene	C1335824
Methaqualone	C0025627	COEXISTS_WITH	["36462602_fullText_5"]	TBX4 wt Allele	C3813609
Cardiac drug	C0280076	COEXISTS_WITH	["12928748_fullText_13"]	LY86 gene	C1424584
Astemizole	C0085170	STIMULATES	["35714693_fullText_4"]	TRPV2 gene	C1425290
clemizole	C0008931	STIMULATES	["35714693_fullText_4"]	TRPV2 gene	C1425290
Methylatropine nitrate	C0128170	INHIBITS	["35697316_fullText_5"]	NTSR1 gene	C1417870
4-diphenylacetoxy-1,1-dimethylpiperidinium	C0048255	INHIBITS	["35681486_fullText_8"]	TLR4 gene	C1336636
tiagabine	C0068897	INHIBITS	["35676483_fullText_5"]	SLC6A1 gene	C1420206
Tetradecanoylphorbol Acetate	C0039654	INHIBITS	["7535766_fullText_7"]	PRRT2 wt Allele	C3539645
Lorazepam	C0024002	compared_with	["35287982_fullText_1"]	SRSF6 gene	C1419997
tadalafil	C1176316	compared_with	["35362820_fullText_4"]	SLC27A4 wt Allele	C3811063
Benzopyrans	C0005078	INHIBITS	["35362382_fullText_4"]	EPR1 gene	C1414436
Levamisole	C0023556	COEXISTS_WITH	["35858330_fullText_7"]	Wild Type	C1883559
SK&F 81297	C0084563	INHIBITS	["35077763_fullText_6"]	GRIN2B gene	C1415300
SK&F 81297	C0084563	INHIBITS	["35077763_fullText_6"]	GRIN2A gene	C1415299
Moxidectin	C0163557	INHIBITS	["35331907_fullText_6"]	ABCB1 gene	C0376622
Combination Medication	C1516710	COEXISTS_WITH	["35287982_fullText_11"]	SRSF6 gene	C1419997
Interferon Type II	C0021745	PRODUCES	["38680020_fullText_7"]	NDUFS4 gene	C1417647
Alprazolam	C0002333	INHIBITS	["37220781_fullText_3"]	CTSL1 wt Allele	C1707163
Guanidines	C0018320	INHIBITS	["34863711_fullText_2"]	IMPACT gene	C1825598
sodium dehydroacetate	C0142831	STIMULATES	["30446579_fullText_39"]	FAR1 gene	C1428564
Decongestants	C0282374	COEXISTS_WITH	["35060618_fullText_15"]	NDUFS4 gene	C1417647
Oligosaccharides	C0028959	COEXISTS_WITH	["9265969_fullText_5","26785728_fullText_181"]	PMM2 gene	C1418674
Sodium Tetradecyl Sulfate	C0037556	higher_than	["33950271_fullText_5","36810148_fullText_7"]	GTS gene	C1415353
Sodium Tetradecyl Sulfate	C0037556	compared_with	["33950271_fullText_5","36810148_fullText_7"]	GTS gene	C1415353
puerarin	C0072591	STIMULATES	["32357546_fullText_131"]	ATXN3 gene	C1538301
Zalcitabine	C0012132	STIMULATES	["36362437_fullText_6"]	SLC6A2 gene	C1420212
Mannose	C0024742	COEXISTS_WITH	["25270028_fullText_85"]	ICAM1 gene	C1334074
Mannose	C0024742	COEXISTS_WITH	["25270028_fullText_85"]	LAMP1 gene	C1416788
Mannose	C0024742	COEXISTS_WITH	["26066342_fullText_77"]	SLC35C1 gene	C1426768
Mannose	C0024742	COEXISTS_WITH	["34831340_fullText_114"]	AKR1A1 wt Allele	C3715044
Mannose	C0024742	COEXISTS_WITH	["34380532_fullText_2","29112118_fullText_151","33632285_fullText_14","32962735_fullText_36","32962735_fullText_85","32962735_fullText_93"]	PMM2 gene	C1418674
Mannose	C0024742	INTERACTS_WITH	["34380532_fullText_12","32962735_fullText_36"]	PMM2 gene	C1418674
Glutaral	C0017814	COEXISTS_WITH	["21303839_fullText_150"]	TSPO gene	C1823521
Isoprenoids	C0682996	STIMULATES	["33651408_fullText_8"]	MBNL1 gene	C1417055
Fucose	C0016786	COEXISTS_WITH	["26739145_fullText_89"]	SLC35C1 gene	C1426768
rottlerin	C0251673	STIMULATES	["35707918_fullText_5"]	GCLC gene	C1415097
rottlerin	C0251673	STIMULATES	["35707918_fullText_5"]	GCLM gene	C1415098
triciribine	C0077069	INHIBITS	["34273390_fullText_6"]	GRIN2A gene	C1415299
triciribine	C0077069	INHIBITS	["34273390_fullText_6"]	GRIN2B gene	C1415300
JWH-133	C0968642	STIMULATES	["33998869_fullText_5"]	CNR2 gene	C1413555
alternan	C1099034	COEXISTS_WITH	["36672764_fullText_6"]	Wild Type	C1883559
Organic acid (substance)	C0369760	COEXISTS_WITH	["16573641_fullText_6"]	GCDH gene	C1415009
Organic acid (substance)	C0369760	INHIBITS	["28762469_fullText_2"]	GAD1 gene	C1414925
JNJ 7777120	C1456750	INHIBITS	["33726554_fullText_6"]	HRH1 gene	C1439351
LYSO-PC	C0206836	COEXISTS_WITH	["28677031_fullText_3","28677031_fullText_5","28677031_fullText_9","31628608_fullText_3"]	LRP2 wt Allele	C3811119
Sphingomyelins	C0037906	STIMULATES	["28456629_fullText_20"]	TFEB gene	C1420699
Carbonyl Cyanide p-Trifluoromethoxyphenylhydrazone	C0007044	INHIBITS	["32366037_fullText_111"]	MNT gene	C1417222
Carbonyl Cyanide p-Trifluoromethoxyphenylhydrazone	C0007044	STIMULATES	["39231983_fullText_304"]	MPG gene	C1417239
sildenafil	C0529793	STIMULATES	["25835550_fullText_167"]	ITGB3 gene	C1416498
CGP 36216	C0971841	COEXISTS_WITH	["34246684_fullText_4"]	LHB gene	C1416842
High Density Lipoprotein Cholesterol	C0023822	PART_OF	["36270341_fullText_7"]	HSD11B1 wt Allele	C3715113
High Density Lipoprotein Cholesterol	C0023822	COEXISTS_WITH	["33824429_fullText_5"]	Genome	C0017428
Edetic Acid	C0013618	COEXISTS_WITH	["26804654_fullText_22"]	SULT1E1 gene	C1420459
Edetic Acid	C0013618	COEXISTS_WITH	["26785728_fullText_40"]	TSPO gene	C1823521
Photosensitizing Agents	C0162713	INHIBITS	["37092793_fullText_6"]	BCL2 gene	C0376515
Saline Solution, Hypertonic	C0036085	INHIBITS	["21539312_fullText_3"]	PMM2 gene	C1418674
Losartan	C0126174	STIMULATES	["34529122_fullText_8"]	ACE gene	C1413931
Dimenhydrinate	C0012381	INHIBITS	["37779040_fullText_10"]	KCNA5 gene	C1416548
rosuvastatin	C0965129	STIMULATES	["34081810_fullText_1"]	HMOX1 gene	C1415619
Neopterin	C0068527	COEXISTS_WITH	["21416196_fullText_3","21416196_fullText_7"]	LRP2 wt Allele	C3811119
Neopterin	C0068527	COEXISTS_WITH__SPEC__	["21416196_fullText_3"]	LRP2 wt Allele	C3811119
Vorinostat	C0672708	STIMULATES	["28535287_fullText_34","28535287_fullText_52","28535287_fullText_88","28535287_fullText_96"]	MBNL1 gene	C1417055
Vorinostat	C0672708	STIMULATES__SPEC__	["28535287_fullText_62"]	DMPK gene	C1414085
Vorinostat	C0672708	STIMULATES__SPEC__	["28535287_fullText_62"]	ATP2A1 gene	C1412637
Indican	C0021210	COEXISTS_WITH	["26565911_fullText_26"]	PANK2 gene	C1423814
Phosphatidylinositide 3-Kinase Inhibitor	C1519050	INHIBITS	["35514261_fullText_4"]	P2RY1 gene	C1418217
Antithrombins	C0003440	COEXISTS_WITH	["24139637_fullText_21"]	HEPATIC PROTEIN	C1840635
Micelles	C0025938	COEXISTS_WITH	["38177503_fullText_190"]	NDUFA12 gene	C1826391
flesinoxan	C0060454	STIMULATES	["35245487_fullText_3"]	HTR1A gene	C1415803
Lysophosphatidylcholines	C0024360	COEXISTS_WITH	["37144748_fullText_2"]	ABCD1 gene	C1412084
Docosahexaenoic Acids	C0012968	COEXISTS_WITH	["20959636_fullText_2"]	PHEX gene	C1418526
SK&F 96365	C0142554	STIMULATES	["37404129_fullText_5"]	TRPM4 gene	C1425223
YM 58483	C1456443	INHIBITS	["36195535_fullText_6"]	PDE5A wt Allele	C2987167
AR C69931MX	C0763767	INHIBITS	["37589138_fullText_4"]	P2RY12 gene	C1425330
AR C69931MX	C0763767	INHIBITS	["35514261_fullText_4"]	P2RY1 gene	C1418217
asiatic acid	C0081660	STIMULATES	["37580921_fullText_10"]	PPARGC1A gene	C1418779
asiatic acid	C0081660	STIMULATES	["37580921_fullText_10"]	SIRT2 wt Allele	C3539783
FAD	C3247466	STIMULATES	["32992790_fullText_123"]	SLC52A2 gene	C1539607
FAD	C3247466	STIMULATES	["32992790_fullText_123"]	SLC52A1 gene	C1539608
onabotulinumtoxinA	C2719767	compared_with	["36974676_fullText_1"]	RAB3D gene	C1419208
Primidone	C0033148	INHIBITS	["36648066_fullText_7"]	TRPM3 gene	C1425222
Etodolac	C0059865	INHIBITS	["36646396_fullText_8"]	IRF1 gene	C1366516
urinastatin	C0077906	INHIBITS	["36637388_fullText_6"]	P2RY12 gene	C1425330
stattic	C1873151	STIMULATES	["37307935_fullText_9"]	EIF2AK3 gene	C1414326
Retinoids	C0035339	STIMULATES	["36356843_fullText_3","36356843_fullText_9","37142132_fullText_5"]	DPPA3 gene	C1426084
CpG ODN 1826	C0965351	INHIBITS	["37264553_fullText_5"]	GPX4 gene	C1415278
Ceftriaxone	C0007561	STIMULATES__SPEC__	["37224649_fullText_3"]	SLC1A2 gene	C1420120
Cephalosporins	C3536856	STIMULATES	["37224649_fullText_3"]	SLC1A2 gene	C1420120
HEPES	C0019215	INHIBITS	["37778690_fullText_3"]	ASAH1 wt Allele	C3539770
short-acting benzodiazepines	C0682884	INHIBITS	["37218390_fullText_8"]	HCRTR2 gene	C1415502
N(G)-iminoethylornithine	C0083535	STIMULATES	["37887276_fullText_6"]	ARHGAP35 gene	C1415304
BRL 44408	C0107190	INHIBITS	["36116534_fullText_6"]	NLRP1 wt Allele	C3538756
pegvisomant	C0913469	COEXISTS_WITH	["37389718_fullText_3"]	SRL gene	C1420403
factor XIII	C0015528	COEXISTS_WITH	["36599091_fullText_3"]	ANLN gene	C1422396
sulfoenolpyruvate	C0637261	STIMULATES	["35059981_fullText_8"]	SIRT1 gene	C1423062
Protoporphyrin IX	C0072497	INHIBITS	["37092793_fullText_6"]	BCL2 gene	C0376515
Guanosine	C0018330	COEXISTS_WITH	["36113188_fullText_1"]	STS gene	C1420490
Isopropyl Alcohol	C0022237	COEXISTS_WITH	["34106226_fullText_128"]	NEB gene	C1417656
SB674042	C1527666	INHIBITS	["36436175_fullText_5"]	HCRTR1 gene	C1415501
Metox	C0878341	COEXISTS_WITH	["36287966_fullText_2"]	ASIC1 gene	C1412115
sesamol	C0074406	STIMULATES	["36239029_fullText_6"]	PISD gene	C1418591
crotalphine	C2607211	INHIBITS	["36232883_fullText_11"]	MRC1 gene	C1417249
BAY 60-6583	C1869787	STIMULATES	["37663280_fullText_4"]	ADORA2B gene	C1412247
BPS	C2740858	STIMULATES	["35607890_fullText_4"]	EEF1B2P2 gene	C1414290
bortezomib	C1176309	INHIBITS	["35406718_fullText_187"]	NGLY1 gene	C1425023
bortezomib	C1176309	compared_with	["31636082_fullText_61"]	Wild Type	C1883559
bortezomib	C1176309	higher_than	["31636082_fullText_61"]	Wild Type	C1883559
1-(2-(4-(4-fluoro-benzoyl)-piperidin-1-yl)-ethyl)-3,3-dimethyl-1,2-dihydro-indol-2-one	C1566043	INHIBITS	["35051421_fullText_9"]	TRIM32 gene	C1424232
O 1602	C3253490	STIMULATES	["35596056_fullText_2"]	GPR55 gene	C1415245
tripterine	C0084866	CONVERTS_TO	["35955863_fullText_77"]	PMM2 gene	C1418674
tripterine	C0084866	STIMULATES	["32222543_fullText_9"]	PMM2 gene	C1418674
Flavins	C0016213	COEXISTS_WITH	["32992790_fullText_76"]	GCDH gene	C1415009
Flavins	C0016213	COEXISTS_WITH	["10446367_fullText_12"]	TEAD2 gene	C1420680
Azaserine	C0004480	PRODUCES	["35017509_fullText_4"]	TBATA gene	C1428114
Azaserine	C0004480	PRODUCES	["35833625_fullText_10"]	CTAA1 gene	C1413785
cinnamon allergenic extract	C2740768	INHIBITS	["36317999_fullText_6"]	CRH gene	C1366488
Amiloride	C0002502	INHIBITS	["36139148_fullText_2","36139148_fullText_3"]	P2RX7 gene	C1418215
syringin	C0075710	COEXISTS_WITH	["36113188_fullText_1"]	STS gene	C1420490
3-(2-cyano-3-(trifluoromethyl)phenoxy)phenyl-4,4,4-trifluoro-1-butanesulfonate	C1567066	STIMULATES	["36080443_fullText_4"]	CNR1 gene	C1413554
SR 57227A	C0219736	INHIBITS	["35863088_fullText_5"]	CFP gene	C1418482
Sepharose	C0036681	COEXISTS_WITH	["25135935_fullText_147"]	TSPO gene	C1823521
doconexent	C2348308	COEXISTS_WITH	["20828389_fullText_93"]	PEX2 gene	C1419149
spermidine	C0037871	PART_OF	["38443995_fullText_6","38443995_fullText_78"]	ATXN3 gene	C1538301
latanoprost	C0090306	INHIBITS	["35191964_fullText_8"]	ACTC1 gene	C1825843
indiplon	C1173066	INHIBITS	["37863313_fullText_7"]	GSK3B gene	C1415321
AR A014418	C1432891	INHIBITS	["37863313_fullText_7"]	GSK3B gene	C1415321
prolinedithiocarbamate	C0084183	STIMULATES	["37663280_fullText_8"]	ADORA2B gene	C1412247
glutaric acid	C0061506	STIMULATES	["10759157_fullText_8"]	TBATA gene	C1428114
glutaric acid	C0061506	compared_with	["24468193_fullText_15"]	GCDH gene	C1415009
pipecolic acid	C0031951	COEXISTS_WITH	["2717271_fullText_7"]	PEX2 gene	C1419149
3-hydroxyglutaric acid	C0667581	COEXISTS_WITH	["20836999_fullText_6","30570710_fullText_10"]	GCDH gene	C1415009
3-hydroxyglutaric acid	C0667581	STIMULATES	["10759157_fullText_8"]	TBATA gene	C1428114
glutarylcarnitine	C0061512	COEXISTS_WITH	["16573641_fullText_2","26593172_fullText_60"]	GCDH gene	C1415009
4-Aminohippuric Acid	C0030123	INHIBITS	["38520741_fullText_8"]	DNAJC12 gene	C1539297
Dicarboxylic Acids	C0012063	COEXISTS_WITH	["29335023_fullText_49"]	GCDH gene	C1415009
Isobutyrylglycine	C1115590	COEXISTS_WITH	["20836999_fullText_6"]	GCDH gene	C1415009
N-Acetylneuraminic Acid	C0067762	COEXISTS_WITH	["36224347_fullText_6"]	NANS gene	C1426104
N-Acetylneuraminic Acid	C0067762	COEXISTS_WITH	["12889654_fullText_10"]	PMM2 gene	C1418674
Pentasaccharide	C0556152	COEXISTS_WITH	["35279850_fullText_112"]	PMM2 gene	C1418674
epalrestat	C0095278	higher_than	["31636082_fullText_115"]	PMM2 gene	C1418674
epalrestat	C0095278	compared_with	["31636082_fullText_115"]	PMM2 gene	C1418674
epalrestat	C0095278	STIMULATES	["31636082_fullText_122","31636082_fullText_146"]	PMM2 gene	C1418674
Aldose Reductase Inhibitor	C2348243	STIMULATES	["35955863_fullText_99"]	PMM2 gene	C1418674
Dolichol	C0012990	COEXISTS_WITH	["27343064_fullText_160"]	NUS1 gene	C1826501
Dolichol	C0012990	COEXISTS_WITH	["27343064_fullText_160"]	DHDDS gene	C1427027
Dolichol	C0012990	INHIBITS	["22838182_fullText_124"]	PMM2 gene	C1418674
lipid-linked oligosaccharides	C0065036	COEXISTS_WITH	["23109149_fullText_4"]	DPM2 gene	C1414138
Sialic Acids	C0037025	INHIBITS	["36224347_fullText_91"]	NANS gene	C1426104
Aspartyl glucosamine	C0104427	COEXISTS_WITH	["31311714_fullText_3","31311714_fullText_6"]	LRP2 wt Allele	C3811119
Glycosylphosphatidylinositol Anchors	C0119748	PART_OF	["22838182_fullText_0","34943782_fullText_20"]	GTPBP1 gene	C1415351
Brefeldin A	C0054036	INHIBITS	["10871277_fullText_5"]	COPA gene	C1413605
1-dodecylpyridoxal	C0044369	COEXISTS_WITH	["9639664_fullText_5"]	MARCKS gene	C1416956
1-dodecylpyridoxal	C0044369	COEXISTS_WITH	["9639664_fullText_5"]	PRRT2 wt Allele	C3539645
Triton X-100	C0146951	COEXISTS_WITH	["22431750_fullText_161","26908607_fullText_165","38332227_fullText_251"]	TSPO gene	C1823521
Triton X-100	C0146951	COEXISTS_WITH	["21283659_fullText_96"]	DSG1 gene	C1414168
tideglusib	C3273375	INHIBITS	["32942085_fullText_2"]	GSK3B gene	C1415321
Calcitriol	C0006674	STIMULATES	["36510245_fullText_9"]	MBNL1 gene	C1417055
Notuss	C0722157	STIMULATES	["10562279_fullText_34"]	LGALS4 gene	C1416832
Phenylbutazone	C0031463	STIMULATES	["32054946_fullText_2"]	MBNL1 gene	C1417055
1,2-di-(4-sulfamidophenyl)-4-butylpyrazolidine-3,5-dione	C0603200	STIMULATES	["39320846_fullText_59"]	RNF4 gene	C1419425
1,2-di-(4-sulfamidophenyl)-4-butylpyrazolidine-3,5-dione	C0603200	COEXISTS_WITH	["28129118_fullText_43","28129118_fullText_163"]	DMPK gene	C1414085
Ro 31-8220	C0084393	INHIBITS	["24179176_fullText_97"]	CELF1 gene	C1413824
Ro 31-8220	C0084393	INHIBITS	["24179176_fullText_95"]	PRRT2 wt Allele	C3539645
Ro 31-8220	C0084393	STIMULATES	["24179176_fullText_82","24179176_fullText_130","24179176_fullText_136"]	PRRT2 wt Allele	C3539645
Chromomycin A3	C0040563	INHIBITS	["24179176_fullText_38"]	SPEN gene	C1539835
1,2-diarachidonoyl-glycero-3-phosphocholine	C0043799	COEXISTS_WITH	["27854224_fullText_100"]	SF3B1 wt Allele	C3273937
Antilymphocyte Serum	C0003372	compared_with	["35211808_fullText_97"]	PMM2 gene	C1418674
PO-2	C0297199	STIMULATES	["34849584_fullText_215"]	NDUFS4 gene	C1417647
catalpol	C0175000	STIMULATES	["32357546_fullText_131"]	ATXN3 gene	C1538301
NA-5	C0131647	COEXISTS_WITH	["27063795_fullText_49"]	SCN5A gene	C1419864
NA-5	C0131647	COEXISTS_WITH	["35872650_fullText_90"]	SIRT1 gene	C1423062
NA-5	C0131647	CONVERTS_TO	["35872650_fullText_52"]	NDUFS4 gene	C1417647
Niacinamide	C0028027	COEXISTS_WITH	["38949024_fullText_32"]	ARMC9 gene	C1824218
Niacinamide	C0028027	compared_with	["38949024_fullText_29"]	NPHP1 gene	C1417782
EX 527	C2935082	STIMULATES	["35872650_fullText_71"]	TP53 gene	C0079419
TAK-242	C2350950	COEXISTS_WITH	["34849584_fullText_270"]	NDUFS4 gene	C1417647
DDMS	C0764864	COEXISTS_WITH	["27390132_fullText_110","27390132_fullText_112"]	TSPO gene	C1823521
tris(2-carboxyethyl)phosphine	C0215706	INHIBITS	["25135935_fullText_77"]	MAGT1 gene	C2239666
isopentenyl pyrophosphate	C0064030	CONVERTS_TO	["27343064_fullText_6"]	NUS1 gene	C1826501
sulforafan	C0163159	COEXISTS_WITH	["35406718_fullText_172"]	NGLY1 gene	C1425023
sulforafan	C0163159	INHIBITS	["35653343_fullText_21"]	KEAP1 gene	C1427969
Gamma globulin serum	C0305052	COEXISTS_WITH	["30135079_fullText_63"]	NGLY1 gene	C1425023
Gamma globulin serum	C0305052	PRODUCES	["30135079_fullText_12"]	NGLY1 gene	C1425023
Gamma globulin serum	C0305052	compared_with	["30135079_fullText_24"]	NGLY1 gene	C1425023
rosaniline hydrochloride	C0950459	COEXISTS_WITH	["35854306_fullText_239"]	PEX13 gene	C1418474
phenylpyruvic acid	C0031499	INHIBITS	["19946178_fullText_4"]	TTR gene	C1421224
chloroflurenol-methyl	C0055412	STIMULATES	["28512194_fullText_30"]	RBFOX2 gene	C1419304
Pravastatin	C0085542	INHIBITS	["32368833_fullText_24"]	SMO gene	C1364142
vernakalant	C2001572	INHIBITS	["27854224_fullText_283"]	KCNA5 gene	C1416548
N-propionylprocainamide	C0068273	COEXISTS_WITH	["27063795_fullText_58"]	AAVS1 gene	C1412056
WIN 55,212	C5544328	STIMULATES	["39231983_fullText_71"]	CNR1 gene	C1413554
dextran 40	C0011793	COEXISTS_WITH	["38320719_fullText_7"]	ATXN3 gene	C1538301
dextran 40	C0011793	INHIBITS	["38320719_fullText_6"]	NLRP1 gene	C1826435
pegvaliase	C4519229	INHIBITS	["38142628_fullText_4"]	MNT gene	C1417222
tafamidis	C2745274	COEXISTS_WITH	["38320719_fullText_7"]	ATXN3 gene	C1538301
G(M2) Ganglioside	C0016896	PART_OF	["38165373_fullText_1"]	HHEX gene	C1415537
sphingosyl beta-glucoside	C0074996	compared_with	["32044242_abstract_5"]	SAPC gene	C2681925
Psychosine	C0033954	COEXISTS_WITH	["37628569_fullText_1"]	GALC gene	C1414946
2-methylcitric acid	C0046369	COEXISTS_WITH	["37794778_fullText_3"]	LRP2 wt Allele	C3811119
Orotic Acid	C0029300	COEXISTS_WITH	["37794778_fullText_3"]	LRP2 wt Allele	C3811119
antihemorrhagic factor	C0052058	INHIBITS	["8892015_fullText_8"]	PROC gene	C1418943
Substance with peroxisome proliferator-activated receptor agonist mechanism of action	C4511281	STIMULATES	["39231983_fullText_183"]	GAD2 gene	C1414926
Alpha-1,3-galactosyltransferase-expressing Allogeneic Renal Cell Carcinoma Vaccine	C3815169	INTERACTS_WITH	["38177503_fullText_35","38177503_fullText_113"]	NDUFS4 gene	C1417647
Amplex Red	C1173565	INHIBITS	["38177503_fullText_52"]	NDUFS4 gene	C1417647
