Drug	Drug_id	RELATION	PROVENANCE	Disease	Disease_id
Lysine	C0024337	CAUSES	["23658800_fullText_123"]	Hypoglycemia	C0020615
Lysine	C0024337	ASSOCIATED_WITH	["35157847_fullText_152"]	Epidermolysis Bullosa Simplex Superficialis	C1843477
Lysine	C0024337	ASSOCIATED_WITH	["31952437_fullText_1"]	Enzyme Deficiency	C0149676
Lysine	C0024337	ASSOCIATED_WITH	["21431622_fullText_4"]	Glutaric aciduria, type 1	C0268595
Lysine	C0024337	ASSOCIATED_WITH	["22231382_fullText_2"]	Autosomal hereditary disorder	C0265384
Lysine	C0024337	ASSOCIATED_WITH	["10868777_fullText_1"]	nervous system disorder	C0027765
Basis	C1874451	CAUSES	["31560172_fullText_1"]	Myasthenic Syndromes, Congenital, Slow Channel	C0751885
Basis	C1874451	AUGMENTS	["22899857_fullText_102"]	Liver diseases	C0023895
Basis	C1874451	DISRUPTS	["31636082_fullText_0"]	Congenital Disorders	C0242354
Dopamine Hydrochloride	C0282151	ASSOCIATED_WITH	["25707872_fullText_3"]	Parkinson Disease	C0030567
Dopamine Hydrochloride	C0282151	ASSOCIATED_WITH	["37418039_fullText_6"]	Lafora Disease	C0751783
Dopamine Hydrochloride	C0282151	ASSOCIATED_WITH	["37686060_fullText_12"]	Diabetes Mellitus, Non-Insulin-Dependent	C0011860
Dopamine Hydrochloride	C0282151	ASSOCIATED_WITH	["33844498_fullText_11"]	nervous system disorder	C0027765
Dopamine Hydrochloride	C0282151	ASSOCIATED_WITH	["16941469_fullText_2"]	Spinocerebellar Ataxia Type 1	C0752120
Dopamine Hydrochloride	C0282151	PREVENTS	["37567458_fullText_11"]	Hyperglycemia	C0020456
TimeLine Fluoride Releasing Resin	C0145943	CAUSES	["37664882_fullText_6"]	Machado-Joseph Disease	C0024408
Dopamine	C0013030	CAUSES	["33940050_fullText_2"]	Fetal Alcohol Syndrome	C0015923
Dopamine	C0013030	CAUSES	["35738452_fullText_4"]	Neurodegenerative Disorders	C0524851
Dopamine	C0013030	CAUSES	["35829818_fullText_11"]	Parkinsonism, Juvenile	C0752105
Dopamine	C0013030	CAUSES	["34747520_fullText_2"]	Neuropathy	C0442874
Dopamine	C0013030	CAUSES	["36990797_fullText_3"]	Parkinson Disease	C0030567
Dopamine	C0013030	AFFECTS	["34789847_fullText_6"]	Brain Diseases	C0006111
Dopamine	C0013030	AFFECTS	["34070011_fullText_1"]	Inflammatory disorder	C1290884
Dopamine	C0013030	AFFECTS	["35250873_fullText_6"]	Irritable Bowel Syndrome	C0022104
Dopamine	C0013030	ASSOCIATED_WITH	["29331172_fullText_1","28552082_fullText_7","28284394_fullText_2","28284394_fullText_3","23219290_fullText_8","19210041_fullText_1","6112253_fullText_1"]	Phenylketonurias	C0031485
Dopamine	C0013030	ASSOCIATED_WITH	["34139281_fullText_1"]	Obesity	C0028754
Dopamine	C0013030	ASSOCIATED_WITH	["36758510_fullText_7"]	Helminthiasis	C0018889
Dopamine	C0013030	ASSOCIATED_WITH	["34429055_fullText_1","34070011_fullText_2"]	Multiple Sclerosis	C0026769
Dopamine	C0013030	ASSOCIATED_WITH	["35385745_fullText_5"]	Brain Diseases	C0006111
Dopamine	C0013030	ASSOCIATED_WITH	["33773463_fullText_1"]	multiple pathologies	C0679225
Dopamine	C0013030	ASSOCIATED_WITH	["34838844_fullText_5"]	Refractive Errors	C0034951
Dopamine	C0013030	ASSOCIATED_WITH	["36152409_fullText_3","33831360_fullText_1"]	Parkinson Disease	C0030567
Dopamine	C0013030	ASSOCIATED_WITH	["36871883_fullText_3"]	Movement Disorders	C0026650
Dopamine	C0013030	ASSOCIATED_WITH	["33940050_fullText_4"]	Fetal Alcohol Syndrome	C0015923
Dopamine	C0013030	ASSOCIATED_WITH	["22575233_fullText_12"]	Machado-Joseph Disease	C0024408
Dopamine	C0013030	ASSOCIATED_WITH__SPEC__	["22575233_fullText_12"]	Machado-Joseph Disease	C0024408
Dopamine Agonists	C0178601	CAUSES	["35837753_fullText_7","34782410_fullText_2"]	Dyskinetic syndrome	C0013384
Dopamine Agonists	C0178601	AFFECTS	["33851429_fullText_3"]	Ovarian Hyperstimulation Syndrome	C0085083
Catecholamines	C0007412	ASSOCIATED_WITH	["10817622_fullText_1","6889630_fullText_3"]	Phenylketonurias	C0031485
Catecholamines	C0007412	ASSOCIATED_WITH	["36717_fullText_1"]	Cirrhosis	C1623038
Catecholamines	C0007412	PREVENTS	["35725377_fullText_4"]	Congestive heart failure	C0018802
Levodopa	C0023570	CAUSES	["35513119_fullText_2"]	Abnormal involuntary movement	C0392702
Levodopa	C0023570	CAUSES	["35837753_fullText_7","34003454_fullText_2","34782410_fullText_2","36878398_fullText_1","24018121_fullText_6"]	Dyskinetic syndrome	C0013384
Levodopa	C0023570	ASSOCIATED_WITH	["22325981_fullText_4"]	6-pyruvoyl-tetrahydropterin synthase deficiency	C0878676
Levodopa	C0023570	ASSOCIATED_WITH	["33762285_fullText_3"]	Restless Legs Syndrome	C0035258
Levodopa	C0023570	ASSOCIATED_WITH	["35150767_fullText_1","35503480_fullText_4"]	Parkinson Disease	C0030567
Levodopa	C0023570	ASSOCIATED_WITH	["33762285_fullText_3"]	Irritable Bowel Syndrome	C0022104
Levodopa	C0023570	PREVENTS	["34838844_fullText_11"]	Myopia	C0027092
Calcium	C0006675	CAUSES	["19764481_fullText_9"]	Myopathy	C0026848
Calcium	C0006675	ASSOCIATED_WITH	["17401656_fullText_3"]	Neuropathy	C0442874
Calcium	C0006675	ASSOCIATED_WITH	["20830525_fullText_4"]	Juvenile-Onset Vitelliform Macular Dystrophy	C2745945
Calcium	C0006675	ASSOCIATED_WITH	["37580872_fullText_12"]	Wasting	C0235394
Calcium	C0006675	ASSOCIATED_WITH	["27854224_fullText_155"]	Muscular Dystrophy	C0026850
Calcium	C0006675	ASSOCIATED_WITH	["12151524_fullText_6"]	Myasthenic Syndromes, Congenital, Slow Channel	C0751885
Calcium	C0006675	ASSOCIATED_WITH	["15317754_fullText_4"]	Hypertrophic Cardiomyopathy	C0007194
Choline	C0008405	ASSOCIATED_WITH	["35792828_fullText_93"]	Cerebral Infarction	C0007785
Choline	C0008405	ASSOCIATED_WITH	["35254130_fullText_10"]	Lafora Disease	C0751783
Taurine	C0039350	ASSOCIATED_WITH	["16437496_fullText_9"]	Myotonic Dystrophy	C0027126
Glutamine	C0017797	CAUSES	["19666135_fullText_1"]	Hereditary Neurodegenerative Disorder	C3273225
Glutamine	C0017797	CAUSES	["9217978_fullText_1"]	Neurodegenerative Disorders	C0524851
Glutamine	C0017797	CAUSES	["24293103_fullText_2"]	Machado-Joseph Disease	C0024408
Glutamine	C0017797	ASSOCIATED_WITH	["38337708_fullText_5"]	Galactosemias	C0016952
Tryptophan	C0041249	ASSOCIATED_WITH	["38085662_fullText_3"]	Phenylketonurias	C0031485
Tryptophan	C0041249	ASSOCIATED_WITH	["31952437_fullText_1"]	Enzyme Deficiency	C0149676
Tryptophan	C0041249	ASSOCIATED_WITH	["21431622_fullText_4"]	Glutaric aciduria, type 1	C0268595
Tryptophan	C0041249	ASSOCIATED_WITH	["22231382_fullText_2"]	Autosomal hereditary disorder	C0265384
Duration	C2926735	CAUSES	["28416514_fullText_8"]	Ventricular arrhythmia	C0085612
Duration	C2926735	CAUSES	["35838014_fullText_7"]	Rhinitis	C0035455
Duration	C2926735	AFFECTS	["33998674_fullText_2"]	Primary Raynaud's	C0151445
Duration	C2926735	PREDISPOSES	["22669364_fullText_5"]	Phenylketonuria, Maternal	C0085547
Duration	C2926735	PREDISPOSES	["24310756_fullText_5"]	Sleep Apnea Syndromes	C0037315
Duration	C2926735	PREDISPOSES	["33754317_fullText_3"]	Ischemic stroke	C0948008
Duration	C2926735	PREVENTS	["34049377_fullText_7"]	Strudwick syndrome	C0700635
coenzyme Q10	C0056077	ASSOCIATED_WITH__INFER__	["17442628_fullText_5"]	Phenylketonurias	C0031485
Antioxidants	C0003402	CAUSES	["39472629_fullText_10"]	Neurodegenerative Disorders	C0524851
Antioxidants	C0003402	CAUSES	["12210848_fullText_9"]	Phenylketonurias	C0031485
Antioxidants	C0003402	CAUSES	["37667390_fullText_72"]	Leigh Disease	C0023264
Antioxidants	C0003402	CAUSES	["34280479_fullText_4"]	POLYDACTYLY, POSTAXIAL, WITH PROGRESSIVE MYOPIA	C1868117
Antioxidants	C0003402	CAUSES__SPEC__	["12210848_fullText_9"]	Phenylketonurias	C0031485
Antioxidants	C0003402	PREVENTS	["35408542_fullText_1"]	Asthma	C0004096
Program	C2728259	AFFECTS	["7324907_fullText_8"]	Phenylketonurias	C0031485
Program	C2728259	AFFECTS	["7324907_fullText_8"]	Galactosemias	C0016952
Program	C2728259	PREVENTS	["23628728_fullText_5"]	Phenylketonuria, Maternal	C0085547
Mediator brand of benfluorex hydrochloride	C0127400	CAUSES	["27165717_fullText_42"]	Machado-Joseph Disease	C0024408
Mediator brand of benfluorex hydrochloride	C0127400	AFFECTS	["37445932_fullText_2"]	Arthritis	C0003864
Mediator brand of benfluorex hydrochloride	C0127400	AUGMENTS	["12618080_fullText_7"]	Pulmonary Hypertension, Primary, 1, With Hereditary Hemorrhagic Telangiectasia	C3714844
Mediator brand of benfluorex hydrochloride	C0127400	DISRUPTS	["23637619_fullText_32"]	Myopathy	C0026848
animal allergen extracts	C3540698	CAUSES	["2122126_fullText_6"]	Complex congenital heart defect	C3536558
animal allergen extracts	C3540698	CAUSES	["34626216_fullText_7"]	Colitis	C0009319
animal allergen extracts	C3540698	AUGMENTS	["34006978_fullText_7"]	Alzheimer's Disease	C0002395
Quinolinic Acid	C0072879	AUGMENTS	["2960429_fullText_4"]	Glutaric aciduria, type 1	C0268595
8-chloro-cyclic adenosine monophosphate	C0050063	DISRUPTS	["34012003_fullText_7"]	SVEINSSON CHORIORETINAL ATROPHY	C1862382
Ethanol	C0001962	AUGMENTS	["34509497_fullText_9"]	alcohol effect	C0678356
Ethanol	C0001962	PREVENTS	["37101028_fullText_7"]	Cardiovascular Diseases	C0007222
Ethanol	C0001962	PREVENTS	["37101028_fullText_7"]	Diabetes	C0011847
Calcium ion	C0596235	CAUSES	["24376746_fullText_60","24376746_fullText_77"]	muscle degeneration	C0234958
Calcium ion	C0596235	ASSOCIATED_WITH	["34768876_fullText_4"]	PEROXISOME BIOGENESIS DISORDER, COMPLEMENTATION GROUP A	C3539168
Lipids	C0023779	CAUSES	["29908352_fullText_1"]	Congenital Disorders	C0242354
Lipids	C0023779	AFFECTS	["36292947_fullText_6"]	Alzheimer's Disease	C0002395
Lipids	C0023779	PREVENTS	["10539751_fullText_1"]	Phenylketonurias	C0031485
Histone deacetylase inhibitor	C1512474	ASSOCIATED_WITH	["35417732_fullText_1"]	Neurodegenerative Disorders	C0524851
Sodium Valproate	C0037567	DISRUPTS	["35093793_fullText_14"]	Chronic headache disorder	C2316225
Small Molecule	C1328819	CAUSES	["32856901_fullText_2"]	Dystrophia myotonica 1	C2931688
Small Molecule	C1328819	AFFECTS	["34606227_fullText_18"]	multiple pathologies	C0679225
Candida albicans extract	C0717551	CAUSES	["33771987_fullText_1"]	Severe malnutrition	C0311276
Oils, Volatile	C0028910	CAUSES	["33848544_fullText_1"]	Alzheimer's Disease	C0002395
other medicated shampoos in ATC	C3539125	AFFECTS	["22768114_fullText_46"]	Myopathy	C0026848
other medicated shampoos in ATC	C3539125	AFFECTS	["26990650_fullText_4"]	Machado-Joseph Disease	C0024408
other medicated shampoos in ATC	C3539125	PREDISPOSES	["35163365_fullText_2"]	Multisystem disorder	C0559758
Agonist	C2987634	AFFECTS	["33998548_fullText_8"]	Dyskinetic syndrome	C0013384
Agonist	C2987634	AFFECTS	["33998548_fullText_8"]	Parkinson Disease	C0030567
tandospirone	C0074676	AFFECTS	["36430502_fullText_7"]	Rett Syndrome	C0035372
Cholesterol	C0008377	CAUSES	["37620691_fullText_1"]	Neurodegenerative Disorders	C0524851
Cholesterol	C0008377	CAUSES	["32368833_fullText_22"]	Adrenoleukodystrophy	C0162309
Suppressor	C2954564	CAUSES	["20079840_fullText_7"]	Machado-Joseph Disease	C0024408
Suppressor	C2954564	CAUSES	["31636082_fullText_65","31615832_fullText_108"]	Heparin-induced thrombocytopenia	C0272285
favor	C0309049	ASSOCIATED_WITH	["26693702_fullText_8"]	Machado-Joseph Disease	C0024408
rivastigmine	C0649350	PREDISPOSES	["35964196_fullText_6"]	Deglutition Disorders	C0011168
rivastigmine	C0649350	PREDISPOSES	["34397417_fullText_1"]	Pneumonia	C0032285
Acetylcholinesterase Inhibitors	C0001046	CAUSES	["34821676_fullText_1"]	nervous system disorder	C0027765
Acetylcholinesterase Inhibitors	C0001046	PREVENTS	["34896366_fullText_1"]	Peripheral Neuropathy	C0031117
Fibrinogen	C0016006	ASSOCIATED_WITH	["32867861_fullText_86"]	Machado-Joseph Disease	C0024408
Citalopram	C0008845	PREDISPOSES	["35472246_fullText_9"]	Acute pancreatitis	C0001339
Citalopram	C0008845	PREDISPOSES	["36745964_fullText_6"]	Epilepsy	C0014544
Disaccharides	C0012611	AFFECTS	["37467180_fullText_15"]	Hepatic Encephalopathy	C0019151
Carbohydrates	C0007004	PREDISPOSES	["22846370_fullText_2"]	Obesity	C0028754
Glycosylation End Products, Advanced	C0162574	ASSOCIATED_WITH	["24594605_fullText_95"]	Glutaric aciduria, type 1	C0268595
Water	C0043047	ASSOCIATED_WITH	["34100397_fullText_1"]	nervous system disorder	C0027765
Water	C0043047	AUGMENTS	["36919460_fullText_2","36919460_fullText_5"]	Lewy Body Disease	C0752347
Amino Acids	C0002520	ASSOCIATED_WITH	["39513367_fullText_6"]	Amino Acid Metabolism, Inborn Errors	C0002514
Amino Acids	C0002520	ASSOCIATED_WITH	["25196394_fullText_5","24461170_fullText_7","12651759_fullText_1","2502675_fullText_1","39513367_fullText_6"]	Phenylketonurias	C0031485
Amino Acids	C0002520	ASSOCIATED_WITH	["17347911_fullText_4"]	Malnutrition	C0162429
Amino Acids	C0002520	ASSOCIATED_WITH	["30419932_fullText_39"]	Hereditary Diseases	C0019247
Amino Acids	C0002520	ASSOCIATED_WITH	["25277297_fullText_10"]	Enzyme Deficiency	C0149676
Amino Acids	C0002520	ASSOCIATED_WITH	["34911135_fullText_8"]	Pituitary Diseases	C0032002
Amino Acids	C0002520	ASSOCIATED_WITH	["33806510_fullText_1"]	nervous system disorder	C0027765
Amino Acids	C0002520	ASSOCIATED_WITH__INFER__	["31762087_fullText_3"]	Hyperphenylalaninaemia	C0751435
Amino Acids	C0002520	ASSOCIATED_WITH__INFER__	["10753257_fullText_1","2251005_fullText_1","38474766_fullText_3"]	Phenylketonurias	C0031485
Selective Serotonin Reuptake Inhibitors	C0360105	CAUSES	["34088639_fullText_2"]	Microscopic Polyangiitis	C0343192
Selective Serotonin Reuptake Inhibitors	C0360105	CAUSES	["36644883_fullText_4"]	Syndrome	C0039082
Selective Serotonin Reuptake Inhibitors	C0360105	AFFECTS	["37579130_fullText_8"]	Juvenile-Onset Vitelliform Macular Dystrophy	C2745945
Selective Serotonin Reuptake Inhibitors	C0360105	PREDISPOSES	["35109681_fullText_9"]	Ischemic stroke	C0948008
Selective Serotonin Reuptake Inhibitors	C0360105	PREDISPOSES	["33961038_fullText_11"]	Diabetes Mellitus, Non-Insulin-Dependent	C0011860
Selective Serotonin Reuptake Inhibitors	C0360105	AUGMENTS	["37075594_fullText_7"]	Strudwick syndrome	C0700635
Selective Serotonin Reuptake Inhibitors	C0360105	DISRUPTS	["36702372_fullText_9"]	Cerebrovascular accident	C0038454
Triglycerides	C0041004	ASSOCIATED_WITH	["35447544_fullText_5"]	Obesity	C0028754
Serotonin	C0036751	CAUSES	["14169353_fullText_2"]	Phenylketonurias	C0031485
Serotonin	C0036751	AFFECTS	["35250873_fullText_6"]	Irritable Bowel Syndrome	C0022104
Serotonin	C0036751	PREDISPOSES	["34699855_fullText_4"]	Syndrome	C0039082
Serotonin	C0036751	ASSOCIATED_WITH	["29331172_fullText_1","28284394_fullText_2","10817622_fullText_1","3148070_fullText_4","6408306_fullText_4","6112253_fullText_1"]	Phenylketonurias	C0031485
Serotonin	C0036751	ASSOCIATED_WITH	["35786007_fullText_4"]	Hypertensive disease	C0020538
Serotonin	C0036751	ASSOCIATED_WITH	["36758510_fullText_7"]	Helminthiasis	C0018889
Serotonin	C0036751	ASSOCIATED_WITH	["37326681_fullText_2"]	multiple pathologies	C0679225
Serotonin	C0036751	ASSOCIATED_WITH	["36275739_fullText_7"]	Crohn Disease	C0010346
Serotonin	C0036751	ASSOCIATED_WITH	["34004020_fullText_3"]	Urologic Diseases	C0042075
Serotonin	C0036751	PREVENTS	["35352247_fullText_3"]	Autonomic nervous system disorders	C1145628
Trimethoprim-Sulfamethoxazole Combination	C0041044	CAUSES	["317358_fullText_3"]	Phenylketonurias	C0031485
varenicline	C1569608	AFFECTS	["35451800_fullText_4"]	Dyssomnias	C0700201
Aminobutyric Acid	C0220780	AFFECTS	["35250873_fullText_6"]	Irritable Bowel Syndrome	C0022104
Blockade	C3540676	CAUSES	["39231983_fullText_91"]	nervous system disorder	C0027765
Blockade	C3540676	CAUSES	["37567458_fullText_11"]	Hyperglycemia	C0020456
Blockade	C3540676	AFFECTS	["37235594_fullText_3"]	Arteriosclerosis	C0003850
Blockade	C3540676	PREDISPOSES	["36538602_fullText_8"]	Dysglycemia	C1960636
Endocannabinoids	C1172779	ASSOCIATED_WITH	["35420457_fullText_3"]	Metabolic Diseases	C0025517
Endocannabinoids	C1172779	ASSOCIATED_WITH	["35003109_fullText_2"]	Inflammatory Bowel Diseases	C0021390
Endocannabinoids	C1172779	ASSOCIATED_WITH	["36935484_fullText_8"]	nervous system disorder	C0027765
Endocannabinoids	C1172779	ASSOCIATED_WITH__SPEC__	["35420457_fullText_3"]	Non-alcoholic Fatty Liver Disease	C0400966
Endocannabinoids	C1172779	ASSOCIATED_WITH__SPEC__	["36935484_fullText_8"]	nervous system disorder	C0027765
Endocannabinoids	C1172779	PREVENTS	["34305821_fullText_2"]	Chronic Kidney Diseases	C1561643
Caffeine	C0006644	CAUSES	["34946538_fullText_1"]	Tumor Immunity	C1519680
Caffeine	C0006644	AFFECTS	["34622282_fullText_10"]	Dyskinetic syndrome	C0013384
Caffeine	C0006644	PREVENTS	["35584767_fullText_2"]	Parkinson Disease	C0030567
anandamide	C0211726	ASSOCIATED_WITH	["35003109_fullText_2"]	Inflammatory Bowel Diseases	C0021390
Enzymes, hematological	C3540017	AFFECTS	["36043764_fullText_8"]	Alzheimer's Disease	C0002395
Glycine	C0017890	ASSOCIATED_WITH	["3035402_fullText_5"]	Hyperphenylalaninaemia	C0751435
Glycine	C0017890	ASSOCIATED_WITH	["32130224_fullText_93"]	Painful Bladder Syndrome	C1720830
Glycine	C0017890	ASSOCIATED_WITH	["33929661_fullText_2","33929661_fullText_4","33929661_fullText_13"]	Chronic Obstructive Airway Disease	C0024117
Glycine	C0017890	ASSOCIATED_WITH__INFER__	["6257849_fullText_7"]	Hyperphenylalaninaemia	C0751435
Acetylcholine	C0001041	CAUSES	["36979411_fullText_5","36979411_fullText_6"]	Chronic Obstructive Airway Disease	C0024117
Acetylcholine	C0001041	AFFECTS	["34048797_fullText_3"]	Parkinsonian Disorders	C0242422
Acetylcholine	C0001041	PREDISPOSES	["37648452_fullText_3"]	Amyloidosis	C0002726
Acetylcholine	C0001041	ASSOCIATED_WITH	["39151654_fullText_8"]	Neuromuscular Diseases	C0027868
Acetylcholine	C0001041	ASSOCIATED_WITH	["34471145_fullText_6","37317917_fullText_1"]	Alzheimer's Disease	C0002395
Acetylcholine	C0001041	ASSOCIATED_WITH	["35447544_fullText_5"]	Obesity	C0028754
Acetylcholine	C0001041	ASSOCIATED_WITH	["33831360_fullText_1"]	Parkinson Disease	C0030567
Acetylcholine	C0001041	ASSOCIATED_WITH	["35254130_fullText_10"]	Lafora Disease	C0751783
aripiprazole	C0299792	AFFECTS	["31615832_fullText_155"]	Helminthiasis	C0018889
aripiprazole	C0299792	PREVENTS	["35989107_fullText_9"]	Sialorrhea	C0037036
Pharmacologic Substance	C1254351	CAUSES	["35322233_fullText_3"]	Airway Obstruction	C0001883
Pharmacologic Substance	C1254351	CAUSES	["36979411_fullText_5"]	Chronic Obstructive Airway Disease	C0024117
Pharmacologic Substance	C1254351	AFFECTS	["34174090_fullText_3"]	Sleep Apnea, Obstructive	C0520679
Pharmacologic Substance	C1254351	AFFECTS	["33840206_fullText_4"]	Migraine Disorders	C0149931
Pharmacologic Substance	C1254351	PREVENTS	["34795026_fullText_10"]	Respiratory Distress Syndrome, Adult	C0035222
Adenosine	C0001443	ASSOCIATED_WITH	["32357546_fullText_229"]	Machado-Joseph Disease	C0024408
Adenosine	C0001443	ASSOCIATED_WITH	["34137476_fullText_12"]	Restless Legs Syndrome	C0035258
Lithium	C0023870	ASSOCIATED_WITH	["26297649_fullText_5"]	Machado-Joseph Disease	C0024408
Sodium Chloride	C0037494	ASSOCIATED_WITH	["21826223_fullText_90"]	Painful Bladder Syndrome	C1720830
Sodium Chloride	C0037494	ASSOCIATED_WITH	["23889603_fullText_1"]	GRN-related frontotemporal dementia	C3811918
Glutamic Acid	C0061472	ASSOCIATED_WITH	["37647579_fullText_8"]	Myopia	C0027092
Glutamic Acid	C0061472	PREVENTS	["35352247_fullText_3"]	Autonomic nervous system disorders	C1145628
agonists	C0243192	CAUSES	["24594605_fullText_66"]	Lesion of brain	C0221505
agonists	C0243192	AFFECTS	["35767902_fullText_4"]	Acute colitis	C2118460
agonists	C0243192	AFFECTS	["36799441_fullText_7"]	Neurodegenerative Disorders	C0524851
agonists	C0243192	PREVENTS	["36473517_fullText_8"]	SKIN/HAIR/EYE PIGMENTATION, VARIATION IN, 2 (disorder)	C1849452
CALCIUM HOMEOSTASIS	C3653518	AFFECTS	["21949352_fullText_7"]	Machado-Joseph Disease	C0024408
Iron	C0302583	CAUSES	["11293470_fullText_2"]	Anemia	C0002871
opium alkaloids and derivative combination cough suppressants	C3539957	PREVENTS	["35514240_fullText_3"]	copd exacerbation	C0740304
Insulin	C0021641	CAUSES	["32357546_fullText_176"]	Machado-Joseph Disease	C0024408
Insulin	C0021641	CAUSES	["25476247_fullText_3"]	Impaired glucose tolerance	C0271650
Insulin	C0021641	PREDISPOSES	["7669426_fullText_2"]	Hyperinsulinism	C0020459
Insulin	C0021641	ASSOCIATED_WITH	["20466571_fullText_3"]	Phenylketonurias	C0031485
Insulin	C0021641	ASSOCIATED_WITH	["28915272_fullText_144"]	Myotonic Disorders	C0553604
Insulin	C0021641	ASSOCIATED_WITH	["888734_fullText_5"]	Neuromuscular Diseases	C0027868
Insulin	C0021641	ASSOCIATED_WITH	["3065594_fullText_3"]	Muscular Atrophy	C0026846
Insulin	C0021641	ASSOCIATED_WITH	["701484_fullText_7","888734_fullText_5","765416_fullText_13"]	Myotonic Dystrophy	C0027126
Insulin	C0021641	DISRUPTS	["35308014_fullText_62"]	Hypoglycemia	C0020615
Paraquat	C0030493	PREDISPOSES	["35562624_fullText_3"]	Parkinson Disease	C0030567
Air	C3536832	CAUSES	["37770252_fullText_98"]	Hyperglycemia	C0020456
Air	C3536832	CAUSES	["37770252_fullText_5"]	Hyperlactatemia	C0795692
Apomorphine	C0003596	PREVENTS	["31356884_fullText_8"]	Mitochondrial Diseases	C0751651
Glucose	C0017725	ASSOCIATED_WITH	["37421310_fullText_3","37421310_abstract_3"]	Glycogen Storage Disease Type I	C0017920
Glucose	C0017725	ASSOCIATED_WITH	["6378152_fullText_2"]	Myotonia Congenita	C0027127
Glucose	C0017725	ASSOCIATED_WITH	["360749_fullText_5","1142379_fullText_7"]	Myotonic Dystrophy	C0027126
Glucose	C0017725	ASSOCIATED_WITH	["14679302_fullText_8"]	Machado-Joseph Disease	C0024408
Serotonin 5-HT1A Receptor Agonists	C2936511	PREVENTS	["34785162_fullText_1"]	Dyskinetic syndrome	C0013384
Diazepam	C0012010	PREVENTS	["19289695_fullText_7"]	Apneic attack	C0474454
Lactate	C0376261	CAUSES	["24957181_fullText_114"]	Leigh Disease	C0023264
Glycogen	C0017911	ASSOCIATED_WITH	["37421310_fullText_3","37421310_abstract_3"]	Cardiomyopathies	C0878544
Glycogen	C0017911	ASSOCIATED_WITH	["14679302_fullText_8"]	Machado-Joseph Disease	C0024408
Glycogen	C0017911	ASSOCIATED_WITH	["9365364_fullText_8"]	Myotonic Dystrophy	C0027126
Fluoxetine	C0016365	AFFECTS	["37724979_fullText_9"]	Colitis	C0009319
Fluoxetine	C0016365	AFFECTS	["34465201_fullText_7","34465201_fullText_9"]	Cerebrovascular accident	C0038454
Fluoxetine	C0016365	PREDISPOSES	["35472246_fullText_9"]	Acute pancreatitis	C0001339
Fluoxetine	C0016365	DISRUPTS	["37852412_fullText_10"]	Dopa-Responsive Dystonia	C1851920
Fluoxetine	C0016365	PREVENTS	["33723270_fullText_4"]	Virus Diseases	C0042769
Serotonin Uptake Inhibitors	C0162758	PREDISPOSES	["38018726_fullText_4"]	Angle Closure Glaucoma	C0017605
Dimethyl Sulfoxide	C0012403	AFFECTS	["34885970_fullText_1"]	Hemoglobin H Disease	C3161174
Trimethoprim	C0041041	CAUSES	["2975336_fullText_2"]	Hyperphenylalaninaemia	C0751435
Melatonin	C0025219	CAUSES	["12210848_fullText_9"]	Phenylketonurias	C0031485
Melatonin	C0025219	CAUSES__SPEC__	["12210848_fullText_9"]	Phenylketonurias	C0031485
Melatonin	C0025219	ASSOCIATED_WITH	["31974269_abstract_2"]	Cirrhosis	C1623038
Melatonin	C0025219	ASSOCIATED_WITH	["31974269_abstract_2"]	Hepatic Encephalopathy	C0019151
Melatonin	C0025219	ASSOCIATED_WITH	["34112046_fullText_6"]	Glaucoma	C0017601
Melatonin	C0025219	AUGMENTS	["31974269_abstract_5","31974269_abstract_6"]	Carbamoyl-Phosphate Synthase I Deficiency Disease	C0751753
Melatonin	C0025219	PREVENTS	["16309833_fullText_5"]	Hepatic impairment	C0948807
Hypnotics	C0020591	CAUSES	["30301614_fullText_34"]	Respiratory Failure	C1145670
Hypnotics	C0020591	AFFECTS	["33737028_fullText_3"]	Hypomenorrhea	C0020624
Norepinephrine	C0028351	CAUSES	["36169206_fullText_7"]	Hypertensive disease	C0020538
Norepinephrine	C0028351	ASSOCIATED_WITH	["6112253_fullText_1"]	Phenylketonurias	C0031485
Norepinephrine	C0028351	ASSOCIATED_WITH	["33923533_fullText_5"]	OROFACIAL CLEFT 1	C1861537
Fleroxacin	C0085161	AFFECTS	["10078039_fullText_9"]	Machado-Joseph Disease	C0024408
Fleroxacin	C0085161	CAUSES	["10078039_fullText_3"]	Encephalopathies	C0085584
Tyrosine	C0041485	CAUSES	["31631652_fullText_3"]	Hyperphenylalaninaemia	C0751435
Tyrosine	C0041485	CAUSES	["6950403_fullText_2"]	Phenylketonurias	C0031485
Tyrosine	C0041485	AFFECTS	["9497192_fullText_1"]	fetal damage	C0854268
Tyrosine	C0041485	AFFECTS	["33581706_fullText_2"]	Phenylketonurias	C0031485
Tyrosine	C0041485	PREDISPOSES	["7967476_fullText_7"]	Pulmonary Hypertension, Primary, 1, With Hereditary Hemorrhagic Telangiectasia	C3714844
Tyrosine	C0041485	ASSOCIATED_WITH	["32245393_fullText_1"]	Tyrosinemia, Type I	C0268490
Tyrosine	C0041485	ASSOCIATED_WITH	["25563006_fullText_1"]	Autosomal recessive hereditary disorder	C0265388
Tyrosine	C0041485	ASSOCIATED_WITH	["38085662_fullText_3"]	Phenylketonurias	C0031485
Tyrosine	C0041485	AUGMENTS	["3106718_fullText_3"]	Phenylketonurias	C0031485
Tyrosine	C0041485	DISRUPTS	["6684490_fullText_2"]	Phenylketonurias	C0031485
Tyrosine	C0041485	ASSOCIATED_WITH__INFER__	["33581706_fullText_2","23672685_fullText_5","12879091_fullText_1","8942417_fullText_3","1479795_fullText_1"]	Phenylketonurias	C0031485
Biopterin	C0005562	ASSOCIATED_WITH	["9128394_fullText_9"]	Machado-Joseph Disease	C0024408
Biopterin	C0005562	ASSOCIATED_WITH	["19172809_fullText_7"]	nervous system disorder	C0027765
Biopterin	C0005562	AUGMENTS	["19016342_fullText_5"]	Phenylketonurias	C0031485
Pyruvate	C0244104	ASSOCIATED_WITH	["35792828_fullText_91"]	Acidosis, Lactic	C0001125
Pyruvate	C0244104	ASSOCIATED_WITH__INFER__	["35792828_fullText_91"]	Acidosis, Lactic	C0001125
Bactrim	C0591139	CAUSES	["2975336_fullText_2"]	Hyperphenylalaninaemia	C0751435
Biogenic Amines	C0005496	CAUSES	["34541626_fullText_2"]	Primary disease	C0277554
Folate	C0178638	CAUSES	["12222713_fullText_7"]	Hyperhomocysteinemia	C0598608
Folate	C0178638	CAUSES	["30916789_fullText_8"]	Folic Acid Deficiency	C0016412
Folate	C0178638	ASSOCIATED_WITH	["10753257_fullText_3"]	Phenylketonurias	C0031485
Urea	C0041942	CAUSES	["34207146_fullText_5"]	Pulmonary Hypertension, Primary, 1, With Hereditary Hemorrhagic Telangiectasia	C3714844
NADH	C0027289	CAUSES	["28916769_fullText_0"]	Multisystem disorder	C0559758
NADH	C0027289	CAUSES	["34849584_fullText_4"]	MITOCHONDRIAL COMPLEX I DEFICIENCY	C1838979
NADH	C0027289	CAUSES	["34849584_fullText_4"]	Leigh Disease	C0023264
NADH	C0027289	ASSOCIATED_WITH	["38177503_fullText_41"]	NEPHRITIS MEMBRANOUS	C0746835
NADH	C0027289	ASSOCIATED_WITH	["31996241_fullText_45"]	Mitochondrial Diseases	C0751651
NADH	C0027289	ASSOCIATED_WITH	["35872650_fullText_6"]	Cardiomyopathies	C0878544
NADH	C0027289	ASSOCIATED_WITH	["35872650_fullText_6","35872650_fullText_117"]	Metabolic Diseases	C0025517
Galactose	C0016945	AFFECTS	["8892026_fullText_1"]	Nicotinamide adenine dinucleotide coenzyme Q reductase deficiency	C0342776
Galactose	C0016945	ASSOCIATED_WITH	["29112118_fullText_160"]	Glycogen Storage Disease XIV	C2752015
Galactose	C0016945	ASSOCIATED_WITH	["33878388_fullText_4"]	Rare Diseases	C0678236
Valine	C0042285	AFFECTS	["1593977_fullText_2"]	Hyperphenylalaninaemia	C0751435
Valine	C0042285	ASSOCIATED_WITH	["19070110_fullText_2"]	Phenylketonurias	C0031485
Ammonia	C0002607	CAUSES	["32035166_abstract_4"]	Liver diseases	C0023895
Ammonia	C0002607	ASSOCIATED_WITH	["32035166_abstract_3"]	Liver diseases	C0023895
Sugars	C0242209	CAUSES	["24997537_fullText_6"]	Hypoglycemia	C0020615
Steroids	C0038317	AFFECTS	["36598042_fullText_2"]	Asthma	C0004096
Steroids	C0038317	PREDISPOSES	["34486765_fullText_3"]	Brain Diseases	C0006111
Ubiquinone	C0041536	CAUSES	["36543208_fullText_2"]	Leigh Disease	C0023264
Citrulline	C0008864	PREDISPOSES	["21605553_fullText_5"]	Pentalogy of Cantrell	C0559483
Citrulline	C0008864	AUGMENTS	["37480106_fullText_1"]	Enzyme Deficiency	C0149676
acylcarnitine	C0368608	CAUSES	["21431622_fullText_136"]	Medium-chain acyl-coenzyme A dehydrogenase deficiency	C0220710
acylcarnitine	C0368608	PREDISPOSES	["20836999_fullText_9"]	Isobutyryl-CoA dehydrogenase deficiency	C1969809
Nicotinamide adenine dinucleotide (NAD)	C0027270	CAUSES	["35872650_fullText_111"]	Cardiomyopathies	C0878544
Nicotinamide adenine dinucleotide (NAD)	C0027270	ASSOCIATED_WITH	["26343296_fullText_4"]	Neurodegenerative Disorders	C0524851
Arginine	C0003765	CAUSES	["33053818_abstract_2"]	Hyperargininemia	C0268548
Arginine	C0003765	CAUSES	["25333616_fullText_2"]	Hypoglycemia	C0020615
Arginine	C0003765	CAUSES	["24508628_fullText_5"]	Congenital disorder of glycosylation type 1B	C1865145
Arginine	C0003765	PREDISPOSES	["21605553_fullText_5"]	Pentalogy of Cantrell	C0559483
Arginine	C0003765	ASSOCIATED_WITH	["38085662_fullText_3"]	Phenylketonurias	C0031485
Arginine	C0003765	ASSOCIATED_WITH	["25333616_fullText_2"]	Encephalopathies	C0085584
Arginine	C0003765	ASSOCIATED_WITH	["30414414_fullText_2"]	MILS	C0872216
Arginine	C0003765	ASSOCIATED_WITH	["30414414_fullText_2"]	Retinitis Pigmentosa	C0035334
Arginine	C0003765	ASSOCIATED_WITH	["30414414_fullText_2"]	Neuropathy	C0442874
Arginine	C0003765	ASSOCIATED_WITH__INFER__	["31996177_fullText_73"]	MELAS Syndrome	C0162671
Arginine	C0003765	PREVENTS	["7766960_fullText_4"]	Phenylketonurias	C0031485
Fatty Acids	C0015684	AFFECTS	["28089346_fullText_10"]	Peroxisomal Disorders	C0282528
Fatty Acids	C0015684	DISRUPTS	["34029162_fullText_6"]	Liver diseases	C0023895
Vaccines	C0042210	CAUSES	["36109351_fullText_3"]	Acute urticaria	C0234935
Vaccines	C0042210	CAUSES	["34118375_fullText_2"]	Myocarditis	C0027059
Thiamine	C0039840	CAUSES	["34308912_fullText_36"]	Basal ganglia disease, biotin-responsive	C1843807
Riboflavin	C0035527	ASSOCIATED_WITH	["21968293_fullText_7"]	Glutaric aciduria, type 1	C0268595
Riboflavin	C0035527	AUGMENTS	["15505397_fullText_4"]	catabolic state	C0853892
Thioctic Acid	C0023791	CAUSES	["24299452_fullText_3"]	Pyruvate Dehydrogenase Complex Deficiency Disease	C0034345
Thioctic Acid	C0023791	CAUSES	["34280479_fullText_5"]	POLYDACTYLY, POSTAXIAL, WITH PROGRESSIVE MYOPIA	C1868117
Thioctic Acid	C0023791	ASSOCIATED_WITH	["24341803_fullText_51"]	NADH cytochrome B5 reductase deficiency	C0268193
Rotenone	C0035871	ASSOCIATED_WITH	["36056365_fullText_130"]	Parkinson Disease	C0030567
Rotenone	C0035871	ASSOCIATED_WITH	["28367954_fullText_21"]	Muscular dystrophy congenital, merosin negative	C1263858
Rotenone	C0035871	ASSOCIATED_WITH	["36056365_fullText_130"]	Alzheimer's Disease	C0002395
Rotenone	C0035871	ASSOCIATED_WITH	["36056365_fullText_130"]	Progressive supranuclear palsy	C0038868
Leucine	C0023401	ASSOCIATED_WITH	["19070110_fullText_2","2198431_fullText_3"]	Maple Syrup Urine Disease	C0024776
Leucine	C0023401	ASSOCIATED_WITH	["2235121_fullText_4"]	Hyperphenylalaninaemia	C0751435
Leucine	C0023401	ASSOCIATED_WITH	["38085662_fullText_3"]	Phenylketonurias	C0031485
Leucine	C0023401	ASSOCIATED_WITH	["35792828_fullText_93"]	Cerebral Infarction	C0007785
Levocarnitine	C0087163	ASSOCIATED_WITH	["32872442_fullText_152"]	Renal carnitine transport defect	C0342788
Levocarnitine	C0087163	AUGMENTS	["15505397_fullText_4"]	catabolic state	C0853892
Levocarnitine	C0087163	PREVENTS	["26847429_fullText_6"]	Hypoglycemic episodes	C0745153
6-Aminonicotinamide	C0000610	ASSOCIATED_WITH	["8121540_fullText_1"]	Wernicke Encephalopathy	C0043121
Ascorbate	C0178487	AUGMENTS	["12499340_fullText_6"]	Phenylketonurias	C0031485
Anesthetics	C0002932	AFFECTS	["1465172_fullText_2"]	Placenta, Retained	C0242669
Flunarizine	C0016295	CAUSES	["36584558_fullText_5"]	Parkinsonian Disorders	C0242422
Lactic acid	C0064582	AUGMENTS	["2278148_fullText_2"]	Cerebral atrophy	C0235946
Carnitine	C0007258	AFFECTS	["2833295_fullText_1"]	Ketosis	C0022638
Carnitine	C0007258	PREDISPOSES	["37189159_fullText_174","37189159_fullText_175"]	Adrenoleukodystrophy	C0162309
Carnitine	C0007258	PREDISPOSES__SPEC__	["37189159_fullText_175"]	Zellweger Spectrum	C3658299
Vitamins	C0042890	PREDISPOSES	["22116469_fullText_5"]	Selenium deficiency	C0238421
Vitamins	C0042890	ASSOCIATED_WITH	["23339307_fullText_7"]	Metabolic Diseases	C0025517
Vitamins	C0042890	ASSOCIATED_WITH	["8030605_fullText_1","38791104_fullText_15"]	Phenylketonurias	C0031485
Vitamins	C0042890	ASSOCIATED_WITH	["36056365_fullText_124"]	Mitochondrial Diseases	C0751651
Glucagon	C0017687	ASSOCIATED_WITH	["7035234_fullText_1","7009630_fullText_1"]	Impaired glucose tolerance	C0271650
Adrenal Cortex Hormones	C0001617	CAUSES	["37843943_fullText_7"]	Chronic rhinitis	C0008711
Adrenal Cortex Hormones	C0001617	PREDISPOSES	["35536261_fullText_5"]	Diabetes	C0011847
Adrenal Cortex Hormones	C0001617	ASSOCIATED_WITH	["36036456_fullText_7"]	Asthma	C0004096
Adrenal Cortex Hormones	C0001617	ASSOCIATED_WITH	["37918935_fullText_3"]	Rhinitis	C0035455
Adrenal Cortex Hormones	C0001617	ASSOCIATED_WITH	["37918935_fullText_3"]	Rhinitis, Allergic, Perennial	C0035457
Adrenal Cortex Hormones	C0001617	ASSOCIATED_WITH	["34140019_fullText_1","33926177_fullText_1","36598042_fullText_2"]	Chronic Obstructive Airway Disease	C0024117
Adrenal Cortex Hormones	C0001617	ASSOCIATED_WITH	["34556548_fullText_1"]	Bronchiolitis	C0006271
Adrenal Cortex Hormones	C0001617	DISRUPTS	["35418750_fullText_9"]	Rheumatoid Arthritis	C0003873
Adrenal Cortex Hormones	C0001617	PREVENTS	["36056365_fullText_46"]	Recurrent disease	C0277556
Adrenal Cortex Hormones	C0001617	PREVENTS	["35536261_fullText_2"]	copd exacerbation	C0740304
Isoflurane	C0022180	CAUSES	["37770252_fullText_5","38358320_fullText_6"]	Hyperlactatemia	C0795692
Isoflurane	C0022180	CAUSES	["37770252_fullText_98"]	Hyperglycemia	C0020456
Isoflurane	C0022180	AUGMENTS	["37770252_fullText_100"]	Hyperglycemia	C0020456
Isoflurane	C0022180	AUGMENTS	["37770252_fullText_100"]	Hyperlactatemia	C0795692
Phospholipids	C0031676	ASSOCIATED_WITH	["36142296_fullText_1"]	Gaucher Disease	C0017205
Phospholipids	C0031676	ASSOCIATED_WITH	["36142296_fullText_1"]	Parkinson Disease	C0030567
Oxaloacetates	C0029989	AUGMENTS	["30429455_fullText_92"]	Infantile Neuroaxonal Dystrophy	C0270724
Long chain fatty acid	C0522095	ASSOCIATED_WITH	["8353949_fullText_9"]	Hereditary Diseases	C0019247
Copper	C0009968	CAUSES	["38236359_fullText_2","38236359_abstract_2"]	Fibrosis, Liver	C0239946
Copper	C0009968	CAUSES	["21431621_fullText_35"]	Hypocupremia	C0268070
Copper	C0009968	CAUSES	["31804708_fullText_12"]	Kayser-Fleischer ring	C0152457
Copper	C0009968	ASSOCIATED_WITH	["39332658_fullText_1"]	Rare Diseases	C0678236
Isoleucine	C0022192	AFFECTS	["1593977_fullText_2"]	Hyperphenylalaninaemia	C0751435
Isoleucine	C0022192	PREVENTS	["7766960_fullText_4"]	Phenylketonurias	C0031485
2,2-dichloro-1,1-difluoroethyl difluoromethyl ether	C0613621	DISRUPTS	["27344355_fullText_2"]	Hereditary Diseases	C0019247
Histidine	C0019602	ASSOCIATED_WITH	["38085662_fullText_3"]	Phenylketonurias	C0031485
Histidine	C0019602	PREVENTS	["7766960_fullText_4"]	Phenylketonurias	C0031485
hydrochloride	C1512523	PREVENTS	["33423362_fullText_3"]	Phenylketonuria, Maternal	C0085547
Ascorbic Acid	C0003968	PREVENTS	["16309833_fullText_5"]	Hepatic impairment	C0948807
Ascorbic Acid	C0003968	PREVENTS	["37803635_fullText_5"]	Alzheimer's Disease	C0002395
rituximab	C0393022	ASSOCIATED_WITH	["23945282_fullText_7"]	Myasthenia Gravis	C0026896
Immunoglobulins	C0021027	AUGMENTS	["24305089_fullText_28"]	Peroxisome Biogenesis Disorder, Complementation Group C	C1832232
Magnesium Cation	C2346927	CAUSES	["37459909_fullText_5"]	Lupus Erythematosus, Systemic	C0024141
Magnesium Cation	C2346927	ASSOCIATED_WITH	["12612190_fullText_6"]	Phenylketonurias	C0031485
pentamethylmelamine	C0070302	CAUSES	["9584269_fullText_1"]	Congenital Disorders of Glycosylation	C0282577
Formaldehyde	C0016564	CAUSES	["34224070_fullText_9"]	Arthritis	C0003864
Midazolam	C0026056	CAUSES__SPEC__	["36493860_fullText_5"]	Generalized seizures	C0234533
Virulence Factors	C1136170	ASSOCIATED_WITH	["7666061_fullText_6"]	Adrenoleukodystrophy	C0162309
Bupropion	C0085208	PREDISPOSES	["36745964_fullText_6"]	Epilepsy	C0014544
Antipsychotic Agents	C0040615	CAUSES	["36799968_fullText_4"]	Neuroleptic Malignant Syndrome	C0027849
Antipsychotic Agents	C0040615	CAUSES	["33857021_fullText_1","35589648_fullText_3"]	Lingual-Facial-Buccal Dyskinesia	C0152115
Antipsychotic Agents	C0040615	AFFECTS	["38018726_fullText_6"]	Intraocular pressure disorder	C0595921
N-Methylaspartate	C0079883	DISRUPTS	["33891283_fullText_3"]	Adrenoleukodystrophy	C0162309
Aspirin	C0004057	PREVENTS	["35570383_fullText_7"]	Transient Ischemic Attack	C0007787
Aspirin	C0004057	PREVENTS	["34426033_fullText_5","36869784_fullText_5","35570383_fullText_7"]	Cerebrovascular accident	C0038454
Aspirin	C0004057	PREVENTS	["36869784_fullText_5"]	Myocardial Infarction	C0027051
Carbidopa	C0006982	CAUSES	["34019978_fullText_10"]	Renal fibrosis	C0151650
Carbidopa	C0006982	AFFECTS	["36153039_fullText_1"]	Epilepsy	C0014544
Carbidopa	C0006982	PREVENTS	["36913400_fullText_3"]	Neuropathy	C0442874
Amines	C0002508	AFFECTS	["620466_fullText_5"]	Phenylketonurias	C0031485
Amines	C0002508	PREVENTS	["14485584_fullText_2"]	Down Syndrome	C0013080
Histamine	C0019588	AFFECTS	["35250873_fullText_6"]	Irritable Bowel Syndrome	C0022104
Histamine	C0019588	ASSOCIATED_WITH	["34397204_fullText_3"]	Psoriasis	C0033860
Histamine	C0019588	PREVENTS__SPEC__	["36677806_fullText_1"]	Motion Sickness	C0026603
Histamine H1 Antagonists	C0019592	PREVENTS	["36677806_fullText_1"]	Motion Sickness	C0026603
Nitric Oxide	C0028128	ASSOCIATED_WITH	["33798598_fullText_1"]	Diabetes	C0011847
Antidepressive Agents	C0003289	AFFECTS	["35761500_fullText_6"]	Epilepsy	C0014544
Antidepressive Agents	C0003289	PREDISPOSES	["34699855_fullText_1","34699855_fullText_3","34699855_fullText_4"]	Syndrome	C0039082
Antidepressive Agents	C0003289	PREDISPOSES	["36201782_fullText_1"]	Cardiovascular Diseases	C0007222
Antidepressive Agents	C0003289	CAUSES__SPEC__	["37194531_fullText_4"]	Restless Legs Syndrome	C0035258
Antidepressive Agents	C0003289	AUGMENTS	["37827253_fullText_4"]	FAMILIAL ADENOMATOUS POLYPOSIS, ATTENUATED (disorder)	C2674616
Phenylacetates	C0031452	CAUSES	["7192068_fullText_1","151497_fullText_2"]	Phenylketonurias	C0031485
Phenylacetates	C0031452	CAUSES	["4068896_fullText_2","4045466_fullText_3"]	Phenylketonuria, Maternal	C0085547
monoamine	C0599682	AFFECTS	["35233765_fullText_6"]	Hyperphenylalaninaemia	C0751435
Glycopyrrolate	C0017970	AUGMENTS	["34069899_fullText_10"]	Chronic Obstructive Airway Disease	C0024117
Diethylhexyl Phthalate	C0012197	ASSOCIATED_WITH	["35150829_fullText_10"]	Infestation by Phthirus pubis	C0030759
Neuromuscular Blocking Agents	C0027866	CAUSES	["31027145_fullText_4","30301614_fullText_34"]	Respiratory Failure	C1145670
Neuromuscular Blocking Agents	C0027866	CAUSES	["22947194_fullText_2"]	Chester-type porphyria	C0268322
Adrenergic beta-Antagonists	C0001645	CAUSES	["37439548_fullText_10"]	Heart failure	C0018801
Adrenergic beta-Antagonists	C0001645	DISRUPTS	["36604473_fullText_9"]	Hypertensive disease	C0020538
Adrenergic beta-Antagonists	C0001645	PREVENTS	["35473676_fullText_9","35473676_fullText_11"]	recurrent myocardial infarction	C2882123
Adrenergic beta-Antagonists	C0001645	PREVENTS__SPEC__	["36927690_fullText_4"]	Cerebrovascular accident	C0038454
1,2-dilinolenoyl-3-(4-aminobutyryl)propane-1,2,3-triol	C0634829	PREDISPOSES	["34135011_fullText_4"]	Cerebrovascular accident	C0038454
Nicotine	C0028040	AFFECTS	["35451800_fullText_4"]	Dyssomnias	C0700201
Nicotine	C0028040	AFFECTS	["35231469_fullText_1"]	cerebellar function	C0742034
Nicotine	C0028040	PREVENTS	["33774093_fullText_8"]	Arteriosclerosis	C0003850
Rotigotine	C1700683	DISRUPTS	["35296748_fullText_5"]	Overactive Bladder	C0878773
Adrenergic Antagonists	C0242889	CAUSES	["35322092_fullText_4"]	Sepsis	C0243026
Metoprolol	C0025859	AFFECTS	["37235594_fullText_8"]	Arteriosclerosis	C0003850
mirabegron	C2983812	AFFECTS	["36574856_fullText_2"]	Arteriosclerosis	C0003850
mirabegron	C2983812	PREVENTS	["36404400_fullText_8"]	VITREORETINOPATHY, NEOVASCULAR INFLAMMATORY	C1860404
Paclitaxel	C0144576	PREVENTS	["35548968_fullText_1"]	Neuropathy	C0442874
Quinpirole	C0072892	CAUSES	["37567458_fullText_4"]	Hyperglycemia	C0020456
Quinpirole	C0072892	AUGMENTS	["37683958_fullText_3"]	Dyskinetic syndrome	C0013384
Antihypertensive Agents	C0003364	CAUSES	["35587357_fullText_2"]	Glaucoma	C0017601
Antihypertensive Agents	C0003364	AFFECTS	["37675564_fullText_5"]	Osteoporosis	C0029456
Antihypertensive Agents	C0003364	PREDISPOSES	["34774144_fullText_3"]	Diabetes Mellitus, Non-Insulin-Dependent	C0011860
Antihypertensive Agents	C0003364	PREDISPOSES	["34611920_fullText_9"]	Psoriasis	C0033860
Antihypertensive Agents	C0003364	PREVENTS	["34774144_fullText_11"]	Diabetes	C0011847
Antihypertensive Agents	C0003364	PREVENTS	["37005366_fullText_2"]	Coronary Arteriosclerosis	C0010054
Antihypertensive Agents	C0003364	PREVENTS	["34774144_fullText_9"]	Diabetes Mellitus, Non-Insulin-Dependent	C0011860
Antihypertensive Agents	C0003364	PREVENTS	["36927690_fullText_4"]	Cerebrovascular accident	C0038454
Angiotensin-Converting Enzyme Inhibitors	C0003015	AFFECTS	["34774144_fullText_10"]	Diabetes	C0011847
Angiotensin-Converting Enzyme Inhibitors	C0003015	PREDISPOSES	["34611920_fullText_9"]	Psoriasis	C0033860
Angiotensin II receptor antagonist	C0521942	AFFECTS	["34774144_fullText_10"]	Diabetes	C0011847
Angiotensin II receptor antagonist	C0521942	PREVENTS	["34774144_fullText_9"]	Diabetes Mellitus, Non-Insulin-Dependent	C0011860
Thiazide Diuretics	C0012802	DISRUPTS	["35259925_fullText_3"]	cardiac event	C0741923
Thiazide Diuretics	C0012802	PREDISPOSES	["34611920_fullText_9"]	Psoriasis	C0033860
Histamine Antagonists	C0019590	AFFECTS	["35204685_fullText_2"]	Autonomic neuropathy	C0259749
Histamine Antagonists	C0019590	PREVENTS	["35447544_fullText_6"]	Hyperglycemia	C0020456
Carbofuran	C0006995	AUGMENTS	["34361024_fullText_6"]	Edema, Cardiac	C0013608
Benzodiazepines	C0005064	CAUSES	["36493860_fullText_5"]	Generalized seizures	C0234533
Benzodiazepines	C0005064	PREVENTS	["37126535_fullText_10"]	Pneumonia	C0032285
Isoproterenol	C0022245	CAUSES	["37708986_fullText_1"]	Observation of Neuromuscular Block	C0700323
Isoproterenol	C0022245	CAUSES	["34266475_fullText_12"]	Myocardial Infarction	C0027051
Antihistamines	C0003360	CAUSES	["37843943_fullText_7"]	Chronic rhinitis	C0008711
Antihistamines	C0003360	AFFECTS	["36250781_fullText_10"]	Motion Sickness	C0026603
Antihistamines	C0003360	PREVENTS	["35130238_fullText_3"]	Influenza in Birds	C0016627
Sepranolone	C0376202	ASSOCIATED_WITH	["36523650_fullText_6"]	Primary biliary cirrhosis	C0008312
Solifenacin	C1099677	AFFECTS	["35491805_fullText_8"]	nervous system disorder	C0027765
Steroid hormone	C0301818	CAUSES	["7854557_fullText_6"]	Cholestasis	C0008370
Neurosteroids	C0815278	CAUSES	["36878398_fullText_1"]	Dyskinetic syndrome	C0013384
Neurosteroids	C0815278	CAUSES	["36493860_fullText_5"]	Generalized seizures	C0234533
Neurosteroids	C0815278	ASSOCIATED_WITH	["34482541_fullText_5"]	Movement Disorders	C0026650
Neurosteroids	C0815278	ASSOCIATED_WITH	["34482541_fullText_5"]	Epilepsy	C0014544
Neurosteroids	C0815278	ASSOCIATED_WITH	["34506047_fullText_1"]	Neuroendocrine disease or syndrome	C0541403
Neurosteroids	C0815278	ASSOCIATED_WITH	["35405201_fullText_1"]	Neurodegenerative Disorders	C0524851
Neurosteroids	C0815278	ASSOCIATED_WITH	["34482541_fullText_6"]	Cerebrovascular accident	C0038454
Neurosteroids	C0815278	ASSOCIATED_WITH__SPEC__	["37085023_fullText_1"]	Neonatal Abstinence Syndrome	C0027609
Neurosteroids	C0815278	PREVENTS	["34482541_fullText_4"]	Cerebrovascular accident	C0038454
Muscarinic Antagonists	C0003385	CAUSES	["36272353_fullText_1"]	Chronic Obstructive Airway Disease	C0024117
Muscarinic Antagonists	C0003385	AFFECTS	["37742601_fullText_3"]	Myopia	C0027092
Muscarinic Antagonists	C0003385	AUGMENTS	["36787147_fullText_6"]	Urinary tract infection	C0042029
Muscarinic Antagonists	C0003385	DISRUPTS	["33734828_fullText_13"]	Sleep Apnea, Obstructive	C0520679
Muscarinic Antagonists	C0003385	PREVENTS	["36538809_fullText_1"]	Sleep Apnea, Obstructive	C0520679
Sertraline	C0074393	PREDISPOSES	["36745964_fullText_6"]	Epilepsy	C0014544
cabergoline	C0107994	PREVENTS	["36579847_fullText_3","36579847_fullText_5"]	Ovarian Hyperstimulation Syndrome	C0085083
Cannabinoids	C0006864	AFFECTS	["26431622_fullText_7"]	Degenerative polyarthritis	C0029408
Cannabinoids	C0006864	AFFECTS	["37739804_fullText_13"]	Cardiovascular Diseases	C0007222
Cannabinoids	C0006864	AFFECTS	["37922577_fullText_3"]	Renal tubular acidosis	C0001126
Atropine	C0004259	CAUSES	["36799968_fullText_4"]	Central Anticholinergic Syndrome	C3661448
Atropine	C0004259	DISRUPTS	["34302355_fullText_1","34302355_fullText_7"]	Myopia	C0027092
Amphetamine	C0002658	ASSOCIATED_WITH	["36473517_fullText_7"]	SKIN/HAIR/EYE PIGMENTATION, VARIATION IN, 2 (disorder)	C1849452
5-(3-hydroxybenzoyl)-2-thiophenesulfonamide	C0048996	CAUSES	["36169206_fullText_7"]	Hypertensive disease	C0020538
5-(3-hydroxybenzoyl)-2-thiophenesulfonamide	C0048996	AFFECTS	["37584461_fullText_7"]	Melnick-Needles Syndrome	C0025237
5-(3-hydroxybenzoyl)-2-thiophenesulfonamide	C0048996	AUGMENTS	["35472683_fullText_7"]	OROFACIAL CLEFT 1	C1861537
5-(3-hydroxybenzoyl)-2-thiophenesulfonamide	C0048996	DISRUPTS	["34081905_fullText_5"]	Hashimoto Disease	C0677607
Tetrahydrocannabinol	C0039663	AFFECTS	["36153039_fullText_1"]	Epilepsy	C0014544
Tetrahydrocannabinol	C0039663	AFFECTS	["35489334_fullText_2"]	Cardiovascular Diseases	C0007222
Marihuana	C0024808	AFFECTS	["33961911_fullText_2"]	Parkinson Disease	C0030567
Marihuana	C0024808	PREDISPOSES	["35489334_fullText_3"]	Cardiovascular Diseases	C0007222
Cholinesterase Inhibitors	C0008425	AFFECTS	["34494463_fullText_1"]	Alzheimer's Disease	C0002395
Hydrocortisone	C0020268	CAUSES	["35308014_fullText_106","35308014_fullText_143","35308014_fullText_146"]	Hypoglycemia	C0020615
Hydrocortisone	C0020268	ASSOCIATED_WITH	["34112046_fullText_6"]	Glaucoma	C0017601
Prolactin	C0033371	AFFECTS	["8742989_fullText_1"]	Muscular Atrophy	C0026846
Prolactin	C0033371	ASSOCIATED_WITH	["21344196_fullText_4"]	Hypogonadism	C0020619
Prolactin	C0033371	ASSOCIATED_WITH	["6782154_fullText_3"]	Myotonic Dystrophy	C0027126
Cannabinoid Receptor Agonists	C2927148	AFFECTS	["35743206_fullText_11"]	CONOTRUNCAL ANOMALY FACE SYNDROME	C0795907
Streptozocin	C0038432	CAUSES	["35253573_fullText_1"]	Diabetes	C0011847
Phenylalanine	C0031453	CAUSES	["38321764_fullText_2"]	Metabolic Diseases	C0025517
Phenylalanine	C0031453	CAUSES	["33790381_fullText_2"]	nervous system disorder	C0027765
Phenylalanine	C0031453	CAUSES	["2975336_fullText_2","3741696_fullText_5","6444271_fullText_1","6151489_fullText_6"]	Hyperphenylalaninaemia	C0751435
Phenylalanine	C0031453	CAUSES	["20123474_fullText_2","8434099_fullText_2"]	fetal damage	C0854268
Phenylalanine	C0031453	CAUSES	["4068896_fullText_2"]	Phenylketonuria, Maternal	C0085547
Phenylalanine	C0031453	CAUSES	["12637773_fullText_1","1959225_fullText_5"]	Phenylketonuria II	C0268465
Phenylalanine	C0031453	CAUSES	["14654660_fullText_1","1915502_fullText_4","6240395_fullText_2"]	Syndrome	C0039082
Phenylalanine	C0031453	CAUSES	["37105048_fullText_5","30504004_fullText_2","29025426_fullText_2","17484755_fullText_1"]	Epilepsy	C0014544
Phenylalanine	C0031453	CAUSES	["10203136_fullText_2"]	Hypopigmentation disorder	C0162835
Phenylalanine	C0031453	CAUSES	["34711827_fullText_3","33221376_fullText_1","28182360_fullText_1","14654669_fullText_6","12555936_fullText_6","11601498_fullText_8","3741696_fullText_5"]	Phenylketonurias	C0031485
Phenylalanine	C0031453	CAUSES	["37291632_fullText_1","34017006_fullText_1","9099613_fullText_6"]	brain dysfunction	C0262405
Phenylalanine	C0031453	CAUSES	["26503515_fullText_1"]	Pulmonary Hypertension, Primary, 1, With Hereditary Hemorrhagic Telangiectasia	C3714844
Phenylalanine	C0031453	AFFECTS	["36628809_fullText_6"]	Cardiovascular Diseases	C0007222
Phenylalanine	C0031453	AFFECTS	["34973284_fullText_7","33296470_fullText_3","31782540_fullText_3","28165881_fullText_7","21917493_fullText_3","20947531_fullText_5","2379759_fullText_1","6732755_fullText_5"]	Phenylketonurias	C0031485
Phenylalanine	C0031453	AFFECTS	["20667834_fullText_2","19560382_fullText_3","19560382_fullText_10","17884650_fullText_6"]	Pulmonary Hypertension, Primary, 1, With Hereditary Hemorrhagic Telangiectasia	C3714844
Phenylalanine	C0031453	PREDISPOSES	["32106880_fullText_3"]	Arteriosclerosis	C0003850
Phenylalanine	C0031453	PREDISPOSES	["18493213_fullText_8","17591452_fullText_1"]	Phenylketonurias	C0031485
Phenylalanine	C0031453	PREDISPOSES	["36384480_fullText_7"]	Obesity	C0028754
Phenylalanine	C0031453	PREDISPOSES	["7967476_fullText_7"]	Pulmonary Hypertension, Primary, 1, With Hereditary Hemorrhagic Telangiectasia	C3714844
Phenylalanine	C0031453	ASSOCIATED_WITH	["11328945_fullText_2"]	Congenital heart disease	C0152021
Phenylalanine	C0031453	ASSOCIATED_WITH	["32245393_fullText_1"]	Tyrosinemia, Type I	C0268490
Phenylalanine	C0031453	ASSOCIATED_WITH	["34207146_fullText_1","32217978_fullText_1","32217972_fullText_1"]	Pulmonary Hypertension, Primary, 1, With Hereditary Hemorrhagic Telangiectasia	C3714844
Phenylalanine	C0031453	ASSOCIATED_WITH	["37105048_fullText_4","19631922_fullText_5","14654666_fullText_9","6151261_fullText_2"]	Phenylketonuria, Maternal	C0085547
Phenylalanine	C0031453	ASSOCIATED_WITH	["25418970_fullText_1"]	Inborn Errors of Metabolism	C0025521
Phenylalanine	C0031453	ASSOCIATED_WITH	["14654661_fullText_1"]	pregnancy related	C0747919
Phenylalanine	C0031453	ASSOCIATED_WITH	["22076426_fullText_2"]	Bone Diseases	C0005940
Phenylalanine	C0031453	ASSOCIATED_WITH	["18937047_fullText_5","16447793_fullText_1","16165390_fullText_1","8616880_fullText_1","1288453_fullText_8","2335616_fullText_1","6790841_fullText_2","1122617_fullText_2"]	Hyperphenylalaninaemia	C0751435
Phenylalanine	C0031453	ASSOCIATED_WITH	["32977849_fullText_5","39337507_fullText_3"]	Classical phenylketonuria	C0751434
Phenylalanine	C0031453	ASSOCIATED_WITH	["19904458_fullText_2"]	Hyperphenylalaninemia, Non-Phenylketonuric	C0751436
Phenylalanine	C0031453	ASSOCIATED_WITH	["27612877_fullText_8"]	Obesity	C0028754
Phenylalanine	C0031453	ASSOCIATED_WITH	["14675567_fullText_2","11898925_fullText_1"]	Metabolic Diseases	C0025517
Phenylalanine	C0031453	ASSOCIATED_WITH	["29432026_fullText_1","8352282_fullText_9"]	Hereditary Diseases	C0019247
Phenylalanine	C0031453	ASSOCIATED_WITH	["25563006_fullText_1"]	Autosomal recessive hereditary disorder	C0265388
Phenylalanine	C0031453	ASSOCIATED_WITH	["20738029_fullText_1"]	Rare Diseases	C0678236
Phenylalanine	C0031453	ASSOCIATED_WITH	["33038576_abstract_8"]	Cirrhosis	C1623038
Phenylalanine	C0031453	ASSOCIATED_WITH	["34656426_fullText_5","34656426_fullText_6","31993977_abstract_8","37081197_fullText_1","35449354_fullText_1","36521084_fullText_1","36296952_fullText_1","34656426_fullText_5","34656426_fullText_6","34216350_fullText_1","34216350_fullText_11","32245393_fullText_1","31993977_fullText_8","31410688_fullText_2","28965406_fullText_3","27742442_fullText_1","27091224_fullText_1","26573865_fullText_6","26456498_fullText_8","25990862_fullText_1","25256805_fullText_4","25005329_fullText_1","24032682_fullText_2","23731533_fullText_1","22976763_fullText_2","21733144_fullText_10","21917493_fullText_1","21624843_fullText_4","20123476_fullText_3","20151197_fullText_8","19913839_fullText_1","18590354_fullText_5","19070110_fullText_2","16549526_fullText_10","16447793_fullText_1","16319949_fullText_2","16006165_fullText_33","15936235_fullText_1","15294168_fullText_2","15158304_fullText_1","12859675_fullText_1","12615087_fullText_6","11420419_fullText_6","11243724_fullText_6","11032331_fullText_9","11032330_fullText_4","10849023_fullText_4","10207169_fullText_2","9184243_fullText_3","8669956_fullText_2","8598645_fullText_10","8313377_fullText_1","7837765_fullText_1","1588831_fullText_4","1779620_fullText_6","2365821_fullText_3","2198431_fullText_1","6504543_fullText_3","6889630_fullText_2","7071414_fullText_1","7146576_fullText_1","577124_fullText_3","1011297_fullText_2","973249_fullText_3","1244125_fullText_4","13658992_fullText_2","38569786_fullText_1","38537426_fullText_6"]	Phenylketonurias	C0031485
Phenylalanine	C0031453	AUGMENTS	["22644647_fullText_3"]	Pulmonary Hypertension, Primary, 1, With Hereditary Hemorrhagic Telangiectasia	C3714844
Phenylalanine	C0031453	DISRUPTS	["19095795_fullText_4","17846916_fullText_8"]	Phenylketonurias	C0031485
Phenylalanine	C0031453	ASSOCIATED_WITH__INFER__	["12674642_fullText_6","11798804_fullText_11","3954438_fullText_1","7124729_fullText_4"]	Hyperphenylalaninaemia	C0751435
Phenylalanine	C0031453	ASSOCIATED_WITH__INFER__	["17557244_fullText_6"]	Classical phenylketonuria	C0751434
Phenylalanine	C0031453	ASSOCIATED_WITH__INFER__	["3954438_fullText_1"]	Developmental regression	C1836830
Phenylalanine	C0031453	ASSOCIATED_WITH__INFER__	["37922902_abstract_2","37717412_fullText_4","37717412_fullText_11","37178714_fullText_1","29651832_fullText_3","34930395_fullText_8","34074593_fullText_1","31701331_fullText_4","33137426_fullText_3","31439512_fullText_4","31439512_fullText_9","30941500_fullText_11","30720885_fullText_4","30706953_fullText_1","30047169_fullText_6","30047169_fullText_7","30157945_fullText_3","29230603_fullText_8","24485821_fullText_2","24094552_fullText_9","23672685_fullText_5","21336059_fullText_2","21153445_fullText_4","20123462_fullText_3","17641826_fullText_3","16151893_fullText_3","15461973_fullText_4","15159642_fullText_6","12537335_fullText_5","12537335_fullText_6","12537335_fullText_7","12133924_fullText_3","9421921_fullText_7","8828617_fullText_5","8586776_fullText_3","7836491_fullText_5","8120296_fullText_1","1806267_fullText_3","2817348_fullText_9","3171015_fullText_1","3095585_fullText_1","7124729_fullText_4"]	Phenylketonurias	C0031485
Phenylalanine	C0031453	ASSOCIATED_WITH__SPEC__	["25418970_fullText_1"]	Hyperphenylalaninemia, Non-Phenylketonuric	C0751436
Phenylalanine	C0031453	ASSOCIATED_WITH__SPEC__	["35449354_fullText_3","29432026_fullText_1","25418970_fullText_1","14675567_fullText_2"]	Phenylketonurias	C0031485
Phenylalanine	C0031453	PREVENTS	["29278642_fullText_5"]	Syndrome	C0039082
Phenylalanine	C0031453	PREVENTS	["20123474_fullText_2"]	Congenital heart disease	C0152021
Phenylalanine	C0031453	PREVENTS	["14654659_fullText_3"]	Pulmonary Hypertension, Primary, 1, With Hereditary Hemorrhagic Telangiectasia	C3714844
Dopamine Antagonists	C0242702	CAUSES	["34060465_fullText_2"]	Movement Disorders	C0026650
Dopamine Antagonists	C0242702	CAUSES__SPEC__	["37194531_fullText_4"]	Restless Legs Syndrome	C0035258
Angiotensin II	C0003009	CAUSES	["36450479_fullText_5"]	Hypertensive disease	C0020538
Adrenergic alpha-Antagonists	C0001641	CAUSES	["35148962_fullText_3"]	Priapism	C0033117
Anticholinergic Agents	C0242896	AFFECTS	["37190776_fullText_6"]	Pneumonia	C0032285
Anticholinergic Agents	C0242896	AFFECTS	["37811598_fullText_16"]	Incontinence	C0021167
Leukotrienes	C0023545	ASSOCIATED_WITH	["10340443_fullText_5"]	Deficiency Diseases	C0011156
duloxetine	C0245561	AFFECTS	["37386151_fullText_6"]	Urinary Stress Incontinence	C0042025
duloxetine	C0245561	PREDISPOSES	["36745964_fullText_6"]	Epilepsy	C0014544
Paroxetine	C0070122	PREDISPOSES	["34699855_fullText_4"]	Syndrome	C0039082
Proton Pump Inhibitors	C0358591	AFFECTS	["34885970_fullText_1"]	Hemoglobin H Disease	C3161174
Proton Pump Inhibitors	C0358591	PREDISPOSES	["36190338_fullText_4"]	Ischemic stroke	C0948008
Proton Pump Inhibitors	C0358591	DISRUPTS__SPEC__	["37458926_fullText_5"]	Gastroesophageal reflux disease	C0017168
Metoclopramide	C0025853	CAUSES__SPEC__	["34060465_fullText_2"]	Movement Disorders	C0026650
B-Stress	C0718778	PREVENTS	["34186538_fullText_2"]	Torsades de Pointes	C0040479
Ticagrelor	C1999375	AFFECTS	["34725976_fullText_2"]	hemorrhage as a complication	C0940931
Ticagrelor	C1999375	PREVENTS	["35570383_fullText_7"]	Transient Ischemic Attack	C0007787
Ticagrelor	C1999375	PREVENTS	["35570383_fullText_7"]	Cerebrovascular accident	C0038454
Ticagrelor	C1999375	PREVENTS	["35678913_fullText_2","35678913_fullText_3","35678913_fullText_13"]	Kidney Failure, Acute	C0022660
Ticagrelor	C1999375	PREVENTS	["35570383_fullText_5"]	Myocardial Infarction	C0027051
clopidogrel	C0070166	PREDISPOSES	["34135011_fullText_4"]	Cerebrovascular accident	C0038454
fostriecin	C0118175	CAUSES	["36402294_fullText_6"]	Hereditary pancreatitis	C0238339
Progesterone	C0033308	AFFECTS	["34651295_fullText_4"]	Migraine Disorders	C0149931
Trazodone	C0040805	CAUSES	["35102822_fullText_8"]	Parkinsonian Disorders	C0242422
Trazodone	C0040805	CAUSES	["36287949_fullText_2"]	Lingual-Facial-Buccal Dyskinesia	C0152115
Organic phosphorus insecticide, NOS	C0301172	CAUSES	["35643835_fullText_2"]	Cholinergic crisis	C0393947
AM 251	C0534009	CAUSES	["36635629_fullText_10"]	PHOTOPAROXYSMAL RESPONSE 1	C1868677
Sugammadex	C1700695	PREVENTS	["35691703_fullText_8"]	Respiratory Failure	C1145670
Sugammadex	C1700695	PREVENTS	["36056061_fullText_8"]	Observation of Neuromuscular Block	C0700323
Sugammadex	C1700695	PREVENTS	["35691703_fullText_8"]	Pneumonia	C0032285
Corticosterone	C0010124	CAUSES	["31636082_fullText_65"]	Heparin-induced thrombocytopenia	C0272285
Norepinephrine Reuptake Inhibitor [EPC]	C3537046	PREDISPOSES	["34247952_fullText_6"]	Erectile dysfunction	C0242350
Psychotropic Drugs	C0033978	PREDISPOSES	["36152942_fullText_1"]	Osteoporosis	C0029456
5-Hydroxytryptophan	C0000578	CAUSES	["33709985_fullText_6"]	Diamond-Blackfan Anemia 1	C2676137
5-Hydroxytryptophan	C0000578	ASSOCIATED_WITH	["12499868_fullText_5"]	Hyperphenylalaninaemia	C0751435
Dopamine-2 Receptor Antagonist [EPC]	C2917388	AFFECTS	["37378887_fullText_8"]	Heparin-induced thrombocytopenia	C0272285
Psychostimulant	C0304403	AFFECTS	["16855999_fullText_2"]	Myotonic Dystrophy	C0027126
neurotransmitter agonist	C0597060	AFFECTS	["34360837_fullText_5"]	Pigmentation Disorders	C0549567
Epinephrine	C0014563	CAUSES	["36169206_fullText_7"]	Hypertensive disease	C0020538
Epinephrine	C0014563	PREDISPOSES	["31375398_fullText_9"]	Angioedemas, Hereditary	C0019243
Epinephrine	C0014563	PREDISPOSES	["37268711_fullText_7"]	Heart failure	C0018801
Epinephrine	C0014563	ASSOCIATED_WITH	["6294258_fullText_4"]	Myotonic Dystrophy	C0027126
Epinephrine	C0014563	ASSOCIATED_WITH	["34593615_fullText_10"]	Acute asthma	C0582415
Epinephrine	C0014563	ASSOCIATED_WITH__INFER__	["50512_fullText_1"]	Myotonic Dystrophy	C0027126
Epinephrine	C0014563	ASSOCIATED_WITH__INFER__	["34477163_fullText_1"]	Aortic Valve Stenosis	C0003507
Budesonide / formoterol	C1276807	PREVENTS	["34342835_fullText_2"]	copd exacerbation	C0740304
Budesonide	C0054201	DISRUPTS	["32357546_fullText_155"]	Machado-Joseph Disease	C0024408
tocilizumab	C1609165	ASSOCIATED_WITH	["38183017_fullText_12","38183017_abstract_12"]	Simian Acquired Immunodeficiency Syndrome	C0080151
tocilizumab	C1609165	ASSOCIATED_WITH	["33970296_fullText_1"]	Heart failure	C0018801
Pisum sativum (pea) extract	C3257529	CAUSES	["6352395_fullText_7"]	Migraine Disorders	C0149931
Rocuronium	C0209337	CAUSES	["36621572_fullText_3","21919378_fullText_3"]	Observation of Neuromuscular Block	C0700323
ractopamine	C0072954	PREVENTS	["35702043_fullText_7"]	Diabetes Mellitus, Non-Insulin-Dependent	C0011860
Albuterol	C0001927	AFFECTS	["35767902_fullText_14"]	Acute colitis	C2118460
Theophylline	C0039771	PREVENTS	["35584767_fullText_2"]	Parkinson Disease	C0030567
Phytochemicals	C0577749	PREDISPOSES	["22116469_fullText_5"]	Selenium deficiency	C0238421
quetiapine	C0123091	PREDISPOSES	["33961038_fullText_1","33961038_fullText_11"]	Diabetes Mellitus, Non-Insulin-Dependent	C0011860
Clozapine	C0009079	AFFECTS	["37295763_fullText_11"]	Pneumocystis jiroveci pneumonia	C1535939
Clozapine	C0009079	PREDISPOSES	["35964196_fullText_3"]	Deglutition Disorders	C0011168
Sulpiride	C0038803	CAUSES	["37567458_fullText_4"]	Hyperglycemia	C0020456
Sulpiride	C0038803	AFFECTS	["37567458_fullText_4"]	Hyperglycemia	C0020456
Risperidone	C0073393	AFFECTS	["34247952_fullText_5"]	Male sexual dysfunction	C1112443
carvedilol	C0054836	AFFECTS	["36691947_fullText_4"]	Cirrhosis	C1623038
Opioids	C0242402	ASSOCIATED_WITH	["7614649_fullText_11"]	Asthma	C0004096
tamsulosin	C0257343	CAUSES	["34321822_fullText_9"]	Intraoperative floppy iris syndrome	C1688637
tamsulosin	C0257343	CAUSES	["35148962_fullText_6"]	Priapism	C0033117
tamsulosin	C0257343	AFFECTS	["34321822_fullText_3"]	Intraoperative floppy iris syndrome	C1688637
tamsulosin	C0257343	AFFECTS	["35170870_fullText_6"]	Priapism	C0033117
tamsulosin	C0257343	PREDISPOSES	["35170870_fullText_15"]	Priapism	C0033117
tamsulosin	C0257343	PREDISPOSES	["33822767_fullText_4"]	Parkinson Disease	C0030567
Sedatives	C0036557	CAUSES	["31027145_fullText_4"]	Respiratory Failure	C1145670
Flavonoids	C0596577	CAUSES	["34480996_fullText_1"]	Facial Hemiatrophy	C0015458
Oxidopamine	C0085196	PREVENTS	["34185060_fullText_12"]	dopamine beta hydroxylase deficiency	C0342687
proctolin	C0072059	AUGMENTS	["34593519_fullText_3"]	Inferior Wall Myocardial Infarction	C0340305
indacaterol	C1722260	AUGMENTS	["34069899_fullText_10"]	Chronic Obstructive Airway Disease	C0024117
Hypoglycemic Agents	C0020616	AFFECTS	["36630701_fullText_5"]	Cardiovascular Diseases	C0007222
Aspartame	C0003999	ASSOCIATED_WITH	["33672234_fullText_1"]	Phenylketonurias	C0031485
Fluvoxamine	C0085228	PREDISPOSES	["36745964_fullText_6"]	Epilepsy	C0014544
Fluorouracil	C0016360	CAUSES	["36234730_fullText_8"]	Toxic liver disease	C0348754
Excitatory Amino Acid Antagonists	C0242910	PREDISPOSES	["35502632_fullText_2"]	Lesion of brain	C0221505
Enzyme Inhibitors	C0014432	AFFECTS	["35762037_fullText_2"]	CNS disorder	C0007682
Triptans	C1567966	PREDISPOSES	["35788962_fullText_2"]	Migraine Disorders	C0149931
atomoxetine	C0076823	DISRUPTS	["33734828_fullText_13"]	Sleep Apnea, Obstructive	C0520679
Methanol	C0001963	ASSOCIATED_WITH	["9184243_fullText_3"]	Phenylketonurias	C0031485
n-hexane	C0068008	ASSOCIATED_WITH	["7685191_fullText_3"]	Liver diseases	C0023895
Bicuculline	C0005372	DISRUPTS	["37460080_fullText_4"]	DIARRHEA 5, WITH TUFTING ENTEROPATHY, CONGENITAL	C2750737
Angiogenesis Inhibitors	C0596087	ASSOCIATED_WITH__SPEC__	["37373348_fullText_3"]	Endometriosis	C0014175
Angiogenesis Inhibitors	C0596087	ASSOCIATED_WITH__SPEC__	["37373348_fullText_3"]	Degenerative polyarthritis	C0029408
Hydroxymethylglutaryl-CoA Reductase Inhibitors	C0360714	PREVENTS	["35037597_fullText_2"]	Migraine Disorders	C0149931
Hydroxymethylglutaryl-CoA Reductase Inhibitors	C0360714	COMPLICATES	["19593127_fullText_5"]	Myasthenia Gravis	C0026896
Bronchodilator Agents	C0006280	CAUSES	["37442289_fullText_1"]	Observation of Neuromuscular Block	C0700323
Bronchodilator Agents	C0006280	CAUSES	["36272353_fullText_1"]	Chronic Obstructive Airway Disease	C0024117
Bronchodilator Agents	C0006280	PREDISPOSES	["36065315_fullText_6"]	Pneumonia	C0032285
Bronchodilator Agents	C0006280	PREVENTS	["34031755_fullText_1","35536261_fullText_2"]	copd exacerbation	C0740304
Butoxamine	C0006493	AFFECTS	["33979569_fullText_2"]	Periodontitis	C0031099
ORALIT	C0069590	PREDISPOSES	["34611920_fullText_9"]	Psoriasis	C0033860
nebivolol	C0068475	CAUSES	["35752527_fullText_1"]	Erectile dysfunction	C0242350
nebivolol	C0068475	DISRUPTS	["34106365_fullText_1"]	Hypertensive disease	C0020538
nebivolol	C0068475	DISRUPTS	["34106365_fullText_1"]	Myocardial Ischemia	C0151744
nebivolol	C0068475	DISRUPTS__SPEC__	["34106365_fullText_1"]	Coronary Arteriosclerosis	C0010054
Sapropterin dihydrochloride	C1996349	DISRUPTS	["17846916_fullText_8"]	Phenylketonurias	C0031485
Chlorogenic acid	C0008240	DISRUPTS	["34006978_fullText_3"]	brain dysfunction	C0262405
2,5-dichloro-4-bromophenol	C0045550	AFFECTS	["35735057_fullText_2"]	Asthma	C0004096
Ally	C1098293	PREDISPOSES	["35039513_fullText_7"]	Cerebrovascular accident	C0038454
Testosterone	C0039601	ASSOCIATED_WITH	["4010942_fullText_5","2521699_fullText_1","2521699_fullText_5"]	Myotonic Dystrophy	C0027126
Pyridostigmine Bromide	C0034262	CAUSES	["37114698_fullText_4"]	Urticaria	C0042109
Clomipramine	C0009010	AFFECTS	["16437496_fullText_10"]	Myotonic Dystrophy	C0027126
Catechin	C0007404	PREVENTS	["37803635_fullText_5"]	Alzheimer's Disease	C0002395
Medical Marijuana	C0813973	AFFECTS	["33961911_fullText_2"]	Parkinson Disease	C0030567
Medical Marijuana	C0813973	AUGMENTS	["36121021_fullText_1"]	Chronic pain	C0150055
silodosin	C1870115	CAUSES	["35148962_fullText_6"]	Priapism	C0033117
Brain Monoamines	C0237736	ASSOCIATED_WITH	["28552082_fullText_3"]	Phenylketonurias	C0031485
Cortisone	C0010137	ASSOCIATED_WITH	["34911135_fullText_8"]	Pituitary Diseases	C0032002
Dinitrochlorobenzene	C0012460	CAUSES	["34560549_fullText_7"]	Dermatitis, Atopic	C0011615
Bisoprolol	C0053799	DISRUPTS	["34106365_fullText_1"]	Myocardial Ischemia	C0151744
Bisoprolol	C0053799	DISRUPTS	["34106365_fullText_1"]	Hypertensive disease	C0020538
Bisoprolol	C0053799	DISRUPTS__SPEC__	["34106365_fullText_1"]	Coronary Arteriosclerosis	C0010054
Polyunsaturated Fatty Acids	C0032615	ASSOCIATED_WITH	["33819046_fullText_8","32461102_fullText_7"]	Phenylketonurias	C0031485
Polyunsaturated Fatty Acids	C0032615	ASSOCIATED_WITH__INFER__	["33819046_fullText_9","23562298_fullText_2","16523206_fullText_1","7474891_fullText_5"]	Phenylketonurias	C0031485
Pterins	C0033992	ASSOCIATED_WITH	["7014037_fullText_4"]	Phenylketonurias	C0031485
Pterins	C0033992	AUGMENTS	["19016342_fullText_5"]	Phenylketonurias	C0031485
BETAHISTINE	C0005301	PREVENTS	["34229247_fullText_7"]	Metabolic Diseases	C0025517
Human Platelet Antigens	C0085355	ASSOCIATED_WITH__INFER__	["19172809_fullText_2"]	Phenylketonuria II	C0268465
Non-esterified cholesterol	C0368909	CAUSES	["37407594_fullText_1"]	Niemann-Pick Disease, Type C	C0220756
Convulsants	C0009950	PREVENTS	["8422860_fullText_2"]	audiogenic seizure	C0596131
oxybutynin	C0069805	AFFECTS	["35536677_fullText_7"]	Movement Disorders	C0026650
oxybutynin	C0069805	AFFECTS	["36029192_fullText_3"]	Sleep Apnea, Obstructive	C0520679
oxybutynin	C0069805	PREVENTS	["33734828_fullText_1"]	Sleep Apnea, Obstructive	C0520679
oxybutynin	C0069805	PREVENTS	["35383492_fullText_6"]	Incontinence	C0021167
Sodium Channel Blockers	C0872271	AFFECTS	["34427958_fullText_3"]	LONG QT SYNDROME 3	C1859062
Adenosine A2A Receptor Antagonists	C2936572	PREVENTS	["34418159_fullText_3"]	Retinal Diseases	C0035309
butylscopolamine bromide	C0006519	PREVENTS	["34174090_fullText_7"]	Sleep Apnea, Obstructive	C0520679
Estrogens	C0014939	AFFECTS	["34651295_fullText_4"]	Migraine Disorders	C0149931
Estrogens	C0014939	ASSOCIATED_WITH__SPEC__	["37791545_fullText_8"]	Incontinence	C0021167
Caseins	C0007332	AFFECTS	["23028819_fullText_4"]	Phenylketonurias	C0031485
Caseins	C0007332	ASSOCIATED_WITH__INFER__	["18203898_fullText_4"]	Phenylketonurias	C0031485
landiolol	C0905464	CAUSES	["35322092_fullText_4"]	Septicemia	C0036690
Drug Combinations	C0013162	AFFECTS	["34174090_fullText_6"]	Sleep Apnea, Obstructive	C0520679
Zinc	C0043481	ASSOCIATED_WITH__INFER__	["10378199_fullText_3","6820419_fullText_3","7198157_fullText_3"]	Phenylketonurias	C0031485
bilastine	C1101148	AFFECTS	["35593100_fullText_3"]	Allergic condition	C0851444
Procainamide	C0033216	DISRUPTS	["2817610_fullText_5"]	Lupus Erythematosus, Systemic	C0024141
Penicillamine	C0030817	PREDISPOSES	["35964196_fullText_3"]	Deglutition Disorders	C0011168
Penicillamine	C0030817	ASSOCIATED_WITH	["129963_fullText_7"]	Hepatolenticular Degeneration	C0019202
High-Density Polyethylene	C0752345	PREDISPOSES	["37437238_fullText_1"]	Hypertensive disease	C0020538
esmolol	C0116569	CAUSES	["35234431_fullText_2"]	Severe Sepsis	C1719672
Beclomethasone Dipropionate	C0004906	PREVENTS	["34023320_fullText_4"]	Pneumonia	C0032285
Acetaminophen	C0000970	PREVENTS	["33857021_fullText_2"]	Dyskinetic syndrome	C0013384
Toluene	C0040383	CAUSES	["12052659_fullText_3"]	Syndrome	C0039082
cangrelor	C1121991	CAUSES	["34229761_fullText_2"]	Septicemia	C0036690
Allopurinol	C0002144	AFFECTS	["33881645_fullText_3"]	multiple pathologies	C0679225
Allopurinol	C0002144	AFFECTS	["34337790_fullText_3"]	Polycystic Ovary Syndrome	C0032460
Allopurinol	C0002144	AFFECTS	["34337790_fullText_3"]	Hepatic Encephalopathy	C0019151
Lentinan	C0023324	ASSOCIATED_WITH	["35404185_fullText_8"]	Dermatitis	C0011603
Ergocalciferol	C0014695	ASSOCIATED_WITH__SPEC__	["37791545_fullText_8"]	Incontinence	C0021167
Digestive Enzymes	C0544420	ASSOCIATED_WITH	["34299476_fullText_5"]	Diabetes	C0011847
Transforming Growth Factor Beta 1	C1704256	ASSOCIATED_WITH	["35710260_fullText_8"]	Diabetes	C0011847
Metformin	C0025598	PREVENTS	["35253181_fullText_6"]	Ovarian Hyperstimulation Syndrome	C0085083
milnacipran	C1533126	PREDISPOSES	["36745964_fullText_6"]	Epilepsy	C0014544
Thiazides	C0541746	CAUSES	["37439548_fullText_11"]	Cerebrovascular accident	C0038454
Thiazides	C0541746	CAUSES	["34779371_fullText_10"]	Hypocalciuria	C0020599
Thiazides	C0541746	CAUSES	["34779371_fullText_10"]	Hypercalcemia	C0020437
Prebiotics	C2717875	AFFECTS	["35889939_fullText_7"]	Epilepsy	C0014544
Midodrine	C0026078	CAUSES	["35150075_fullText_5"]	Bladder neck obstruction	C0005694
Distigmine bromide	C2745877	CAUSES	["36451415_fullText_2","36451415_fullText_11"]	Cholinergic crisis	C0393947
Loratadine	C0065180	PREVENTS	["35409346_fullText_7"]	Gastric hemorrhage	C0235325
Bile Acids	C0005390	PREDISPOSES	["26627182_fullText_102"]	Liver diseases	C0023895
Bile Acids	C0005390	PREDISPOSES	["26627182_fullText_102"]	Fibrosis, Liver	C0239946
Bile Acids	C0005390	PREDISPOSES	["27469511_fullText_4"]	Cholestasis	C0008370
Bile Acids	C0005390	ASSOCIATED_WITH__INFER__	["36719165_fullText_3"]	Liver Failure	C0085605
Genistein	C0061202	AFFECTS	["35489334_fullText_8"]	endothelial dysfunction	C0856169
myrcene	C1700283	PREVENTS	["35887239_fullText_9"]	Chronic pain	C0150055
atorvastatin	C0286651	PREVENTS	["35037597_fullText_3"]	Migraine Disorders	C0149931
Buspirone	C0006462	CAUSES	["35988699_fullText_3"]	Dyskinetic syndrome	C0013384
zolmitriptan	C0528166	CAUSES	["35988699_fullText_3"]	Dyskinetic syndrome	C0013384
Arbaclofen	C2983924	PREVENTS	["34071034_fullText_8"]	Pneumonia	C0032285
Gaviscon	C0061146	ASSOCIATED_WITH	["34716422_fullText_3"]	Extreme immaturity	C0270078
tizanidine	C0146011	AUGMENTS	["35227682_fullText_13"]	Neuropathy	C0442874
Oleic Acid	C0028928	ASSOCIATED_WITH	["1880537_fullText_4"]	Adrenoleukodystrophy	C0162309
Oleic Acid	C0028928	ASSOCIATED_WITH	["1704424_fullText_8"]	Globoid cell leukodystrophy	C0023521
Amino Acids, Essential	C0002525	ASSOCIATED_WITH	["10662702_fullText_1"]	Phenylketonurias	C0031485
Fatty Acids, Essential	C0015686	AUGMENTS	["24927077_fullText_2"]	Infantile Neuroaxonal Dystrophy	C0270724
Octopamine	C0028403	ASSOCIATED_WITH	["36717_fullText_1"]	Cirrhosis	C1623038
Nesiritide	C0054015	PREVENTS	["35725377_fullText_4"]	Congestive heart failure	C0018802
lansoprazole	C0050940	PREDISPOSES	["36442213_fullText_3"]	Rheumatoid Arthritis	C0003873
Phosphodiesterase 4 Inhibitors	C2936609	CAUSES	["35219697_fullText_2"]	Observation of Neuromuscular Block	C0700323
tanespimycin	C0675974	DISRUPTS	["34864727_fullText_5"]	Dermatitis verrucosa	C0311213
Sotalol	C0037707	AFFECTS	["37229640_fullText_4"]	Heart failure	C0018801
Freund's Adjuvant	C0016712	CAUSES	["34220796_fullText_3"]	Arthritis	C0003864
Levamisole	C0023556	CAUSES	["35358704_fullText_8"]	endothelial dysfunction	C0856169
Ginkgo biloba extract 761	C0119187	AFFECTS	["36634122_fullText_1"]	Absence Epilepsy	C0014553
Aldicarb	C0001994	ASSOCIATED_WITH	["34864060_fullText_6"]	Helminthiasis	C0018889
sodium dehydroacetate	C0142831	AFFECTS	["21305356_fullText_2"]	Phenylketonurias	C0031485
Fluticasone propionate	C0117996	PREDISPOSES	["34023320_fullText_6"]	Pneumonia	C0032285
Oligosaccharides	C0028959	CAUSES	["24716661_fullText_1"]	Rare Diseases	C0678236
Androgens	C0002844	AUGMENTS	["12602971_fullText_3"]	Acne	C0702166
Androgens	C0002844	AUGMENTS	["12602971_fullText_3"]	Androgenetic Alopecia	C0162311
Androgens	C0002844	AUGMENTS	["12602971_fullText_3"]	Hidradenitis Suppurativa	C0162836
Mannose	C0024742	AFFECTS	["11350186_fullText_5"]	Congenital disorder of glycosylation type 1B	C1865145
Glycolipids	C0017950	CAUSES	["33058492_fullText_1"]	Metabolic Diseases	C0025517
Immunoglobulin A, Human	C2825347	ASSOCIATED_WITH__INFER__	["10443490_fullText_1"]	Sudden infant death syndrome	C0038644
Immunoglobulin A, Human	C2825347	ASSOCIATED_WITH__INFER__	["8586776_fullText_4"]	Phenylketonurias	C0031485
alternan	C1099034	CAUSES	["36672764_fullText_7"]	ENDPLATE ACETYLCHOLINESTERASE DEFICIENCY (disorder)	C1864233
Dopamine D2 Receptor Antagonists	C3850099	CAUSES	["33857021_fullText_2"]	Dyskinetic syndrome	C0013384
Folic Acid	C0016410	PREDISPOSES	["36384480_fullText_7"]	Obesity	C0028754
Organic acid (substance)	C0369760	CAUSES	["34096551_fullText_1"]	Metabolic Diseases	C0025517
Organic acid (substance)	C0369760	CAUSES	["34096551_fullText_1"]	Encephalopathies	C0085584
Vitamin E	C0042874	AUGMENTS	["12499340_fullText_6"]	Phenylketonurias	C0031485
Vitamin E	C0042874	PREVENTS	["16309833_fullText_5"]	Hepatic impairment	C0948807
Phosphodiesterase Inhibitors	C0031638	CAUSES	["35063138_fullText_4"]	Lesion of brain	C0221505
Growth Hormone	C0037663	CAUSES	["35308014_fullText_106"]	Hypoglycemia	C0020615
rifaximin	C0073374	AFFECTS	["37467180_fullText_13"]	Hepatic Encephalopathy	C0019151
rifaximin	C0073374	PREVENTS__SPEC__	["37467180_fullText_2"]	Hepatic Encephalopathy	C0019151
Fenclonine	C0030135	CAUSES	["4068896_fullText_2"]	Phenylketonuria, Maternal	C0085547
Fenclonine	C0030135	CAUSES	["6151489_fullText_6"]	Hyperphenylalaninaemia	C0751435
Appetite Depressants	C0003620	AFFECTS	["34788630_fullText_2"]	Anorexia	C0003123
Cinnarizine	C0008803	CAUSES	["36584558_fullText_5"]	Parkinsonian Disorders	C0242422
Neopterin	C0068527	ASSOCIATED_WITH	["7014037_fullText_3"]	Phenylketonuria II	C0268465
Neopterin	C0068527	ASSOCIATED_WITH	["7014037_fullText_3"]	Phenylketonurias	C0031485
eltoprazine	C0082384	DISRUPTS	["34229013_fullText_2"]	Dyskinetic syndrome	C0013384
Omega-3 Fatty Acids	C0015689	ASSOCIATED_WITH	["26206997_fullText_8"]	Tangier Disease	C0039292
Calcineurin inhibitor	C1562036	COMPLICATES	["29390978_fullText_41"]	nervous system disorder	C0027765
Chlorophenylalanine	C3826571	DISRUPTS	["6257849_fullText_4"]	Pulmonary Hypertension, Primary, 1, With Hereditary Hemorrhagic Telangiectasia	C3714844
gamma-Aminobutyric Acid-ergic Agonist [EPC]	C2917453	DISRUPTS	["35622887_fullText_7"]	Aicardi's syndrome	C0175713
ginkgolide A	C0119188	CAUSES	["36634122_fullText_9"]	Absence Epilepsy	C0014553
bilobalide	C0166479	CAUSES	["36634122_fullText_9"]	Absence Epilepsy	C0014553
Vitamin B 12	C0042845	CAUSES	["12222713_fullText_7"]	Hyperhomocysteinemia	C0598608
Vitamin A	C0042839	AUGMENTS	["12499340_fullText_6"]	Phenylketonurias	C0031485
Steroid, Systemic	C2825233	AFFECTS	["33945639_fullText_13"]	Asthma	C0004096
pyridoxine	C0034272	CAUSES	["20554659_fullText_8"]	Epilepsy	C0014544
pyridoxine	C0034272	AFFECTS	["38636407_fullText_7"]	Cyst	C0010709
pyridoxine	C0034272	ASSOCIATED_WITH	["3977296_fullText_3"]	Epilepsy	C0014544
pyridoxine	C0034272	ASSOCIATED_WITH__SPEC__	["22784480_fullText_1"]	EPILEPSY, PYRIDOXINE-DEPENDENT	C1849508
alteplase	C0032143	ASSOCIATED_WITH	["37126535_fullText_11"]	Pneumonia	C0032285
Nasal Sprays	C2608293	CAUSES	["35838014_fullText_7"]	Rhinitis	C0035455
T-2 Toxin	C0039185	CAUSES	["37553049_fullText_5","37553049_fullText_7"]	Anorexia	C0003123
Sulfonylurea Compounds	C0038766	PREDISPOSES	["36525638_fullText_7"]	Hypoglycemia	C0020615
5,6,7,8-tetrahydrofolic acid	C0048898	CAUSES	["2785251_fullText_4"]	Folic Acid Deficiency	C0016412
Phytoestrogens	C0071011	ASSOCIATED_WITH__SPEC__	["37791545_fullText_8"]	Incontinence	C0021167
regadenoson	C1698215	CAUSES	["34308528_fullText_11"]	Hemiplegic migraine	C0270862
Cholesterol Esters	C0008387	ASSOCIATED_WITH	["2079713_fullText_3"]	Type II Mucolipidosis	C0020725
Direct reacting bilirubin	C0236556	PREDISPOSES	["14561261_fullText_4"]	Neonatal disorder	C0021290
Calcium Gluconate	C0006699	PREVENTS	["35253181_fullText_4"]	Ovarian Hyperstimulation Syndrome	C0085083
Cetrotide	C0939290	PREVENTS	["35253181_fullText_6"]	Ovarian Hyperstimulation Syndrome	C0085083
Cucurbitacins	C0056582	ASSOCIATED_WITH	["35227014_fullText_3"]	Brain Diseases	C0006111
Cucurbitacins	C0056582	ASSOCIATED_WITH	["35227014_fullText_3"]	Diabetes	C0011847
Free testosterone	C0443483	AFFECTS	["8742989_fullText_1"]	Muscular Atrophy	C0026846
Alloxan	C0002151	CAUSES	["35628547_fullText_4"]	Diabetes	C0011847
3-tyramine	C0047728	CAUSES	["6872265_fullText_7"]	Phenylketonurias	C0031485
Noscapine	C0028426	AFFECTS	["34963564_fullText_5"]	Cerebrovascular accident	C0038454
Fish Oils	C0016157	ASSOCIATED_WITH__INFER__	["19214054_fullText_2"]	Phenylketonurias	C0031485
latanoprost	C0090306	AFFECTS	["35191964_fullText_8"]	Ocular Hypertension	C0028840
pembrolizumab	C3658706	ASSOCIATED_WITH	["35220182_fullText_5"]	Adult Fanconi syndrome	C0341703
glutaric acid	C0061506	CAUSES	["1775140_fullText_1"]	Glutaric aciduria, type 1	C0268595
glutaric acid	C0061506	CAUSES	["33423247_fullText_2"]	Metabolic Diseases	C0025517
glutaric acid	C0061506	PREDISPOSES	["32992790_fullText_16"]	Glutaric aciduria, type 1	C0268595
pipecolic acid	C0031951	AUGMENTS	["16151899_fullText_4"]	EPILEPSY, PYRIDOXINE-DEPENDENT	C1849508
glutarylcarnitine	C0061512	CAUSES	["33423247_fullText_2"]	Metabolic Diseases	C0025517
4-Aminohippuric Acid	C0030123	CAUSES	["38734223_fullText_1"]	Phenylketonurias	C0031485
N-Acetylneuraminic Acid	C0067762	ASSOCIATED_WITH	["36224347_fullText_0"]	Congenital Disorders	C0242354
N-Acetylneuraminic Acid	C0067762	ASSOCIATED_WITH	["6875606_fullText_7"]	Myotonic Dystrophy	C0027126
Protein C	C0033621	ASSOCIATED_WITH	["23499581_fullText_1"]	Congenital Disorders	C0242354
factor IX	C0015491	ASSOCIATED_WITH	["23499581_fullText_1"]	Congenital Disorders	C0242354
Dolichol	C0012990	CAUSES	["25270028_fullText_46"]	Congenital Disorders	C0242354
Dolichol	C0012990	ASSOCIATED_WITH	["21384228_fullText_21"]	Pituitary Diseases	C0032002
Dolichol	C0012990	ASSOCIATED_WITH	["27343064_fullText_0","25270028_fullText_3"]	Congenital Disorders	C0242354
Dolichol	C0012990	ASSOCIATED_WITH	["21384228_fullText_27"]	Neuronal Ceroid-Lipofuscinoses	C0027877
Antithrombin III	C0003438	ASSOCIATED_WITH	["22327749_fullText_96"]	Syndrome	C0039082
Antithrombin III	C0003438	ASSOCIATED_WITH	["23499581_fullText_1"]	Congenital Disorders	C0242354
Blood Coagulation Factor	C0005789	CAUSES	["11417605_fullText_5"]	Blood Coagulation Disorders	C0005779
mannose-6-phosphate	C0065688	ASSOCIATED_WITH	["9160042_fullText_3"]	Type II Mucolipidosis	C0020725
Aspartyl glucosamine	C0104427	PREDISPOSES	["33563880_fullText_6"]	CONGENITAL DISORDER OF DEGLYCOSYLATION	C3808991
3-(2-phenylethyl)-4-methylsydnone	C0047130	AFFECTS__SPEC__	["36673723_fullText_5"]	Rare Diseases	C0678236
Gangliosides	C0017082	PREDISPOSES	["30576498_fullText_8"]	Syndrome	C0039082
Gangliosides	C0017082	PREDISPOSES	["4068896_fullText_8"]	brain dysfunction	C0262405
Gangliosides	C0017082	PREVENTS	["6151489_fullText_6"]	Hyperphenylalaninaemia	C0751435
pristanic acid	C0071987	AFFECTS	["8761525_fullText_7"]	Peroxisomal Disorders	C0282528
Phytanic Acid	C0031851	AFFECTS	["8761525_fullText_7"]	Peroxisomal Disorders	C0282528
Fatty Acids, Monounsaturated	C0015687	DISRUPTS	["9799802_fullText_7"]	Adrenoleukodystrophy	C0162309
Althesin	C0002348	CAUSES	["842820_fullText_1"]	Observation of Neuromuscular Block	C0700323
Curare	C0010463	AFFECTS	["163892_fullText_4"]	Motor Neuron Disease, Lower	C0270764
Atracurium	C0004234	CAUSES	["3840383_fullText_1"]	Observation of Neuromuscular Block	C0700323
Lysophospholipids	C0024367	AFFECTS	["6875608_fullText_4"]	Muscular Dystrophy, Duchenne	C0013264
Ursodiol	C0042105	ASSOCIATED_WITH	["38227368_fullText_4"]	Gall Bladder Diseases	C0016977
Ursodiol	C0042105	ASSOCIATED_WITH	["38227368_fullText_4"]	Primary biliary cirrhosis	C0008312
Neuromuscular Nondepolarizing Agents	C0010464	PREDISPOSES	["22154451_fullText_2"]	Prolonged neuromuscular block	C0520758
Ajmaline	C0001888	CAUSES	["24943134_fullText_5"]	Sustained ventricular tachycardia	C0750197
eculizumab	C1541483	ASSOCIATED_WITH	["23945282_fullText_7"]	Myasthenia Gravis	C0026896
DDMS	C0764864	ASSOCIATED_WITH	["27390132_fullText_116"]	Painful Bladder Syndrome	C1720830
dicarboxydine	C0608070	ASSOCIATED_WITH	["31386302_fullText_108"]	Mitochondrial Diseases	C0751651
Ammonium Chloride	C0002615	ASSOCIATED_WITH	["27390132_fullText_139"]	Painful Bladder Syndrome	C1720830
Amino acid supplement	C0556082	ASSOCIATED_WITH__INFER__	["34872082_fullText_1","27612877_fullText_1"]	Phenylketonurias	C0031485
globotriaosyl lysosphingolipid	C0082711	AFFECTS	["37406430_fullText_4"]	Juvenile-Onset Vitelliform Macular Dystrophy	C2745945
galactose-1-phosphate	C0060974	ASSOCIATED_WITH	["38337708_fullText_5"]	Galactosemias	C0016952
Danio rerio egg preparation	C3486748	CAUSES	["27343064_fullText_180"]	Retinal Degeneration	C0035304
n-Acetyl mannosamine	C0301677	ASSOCIATED_WITH	["37644541_fullText_20"]	Myopathy	C0026848
n-Acetyl mannosamine	C0301677	ASSOCIATED_WITH	["37644541_fullText_20"]	Muscular Atrophy	C0026846
n-Acetyl mannosamine	C0301677	ASSOCIATED_WITH	["37644541_fullText_20"]	Muscular Dystrophy	C0026850
phenylpyruvic acid	C0031499	ASSOCIATED_WITH	["26410738_fullText_10"]	Phenylketonurias	C0031485
Sulfoglycosphingolipids	C0038727	DISRUPTS	["563642_fullText_4"]	Hyperphenylalaninaemia	C0751435
Neutral fat	C0392693	DISRUPTS	["32147747_fullText_126"]	Triglyceride storage disease with ichthyosis	C0268238
Opioid anesthetics	C3653538	CAUSES	["30301614_fullText_34"]	Respiratory Failure	C1145670
Cerebrosides	C0007805	DISRUPTS	["563642_fullText_4"]	Hyperphenylalaninaemia	C0751435
Kuvan	C1995652	AUGMENTS	["35854334_fullText_8"]	Pulmonary Hypertension, Primary, 1, With Hereditary Hemorrhagic Telangiectasia	C3714844
Septra	C0699595	CAUSES	["2975336_fullText_2"]	Hyperphenylalaninaemia	C0751435
lonidamine	C0065175	CAUSES	["31985336_abstract_12"]	Kidney Failure, Chronic	C0022661
pegvaliase	C4519229	PREDISPOSES	["38184920_fullText_16"]	Kwashiorkor	C0022806
caseinomacropeptide	C0286762	ASSOCIATED_WITH__INFER__	["38474766_fullText_3"]	Phenylketonurias	C0031485
Phenylpyruvate	C0207636	ASSOCIATED_WITH	["11243724_fullText_6"]	Phenylketonurias	C0031485
7,8-dihydrobiopterin	C0049774	CAUSES	["6696496_fullText_1"]	Hyperphenylalaninemia, Non-Phenylketonuric	C0751436
Phenyllactate	C0095920	ASSOCIATED_WITH	["11243724_fullText_6"]	Phenylketonurias	C0031485
alpha-methylphenylalanine	C0051422	CAUSES	["2975336_fullText_2"]	Hyperphenylalaninaemia	C0751435
alpha-methylphenylalanine	C0051422	AFFECTS	["2379759_fullText_1"]	Phenylketonurias	C0031485
alpha-methylphenylalanine	C0051422	CAUSES__SPEC__	["2975336_fullText_2"]	Hyperphenylalaninaemia	C0751435
alpha-methylphenylalanine	C0051422	DISRUPTS	["6257849_fullText_1"]	Pulmonary Hypertension, Primary, 1, With Hereditary Hemorrhagic Telangiectasia	C3714844
arginyl-glutamine	C3657851	CAUSES	["1915502_fullText_4"]	Phenylketonurias	C0031485
Ethionine	C0015023	CAUSES	["3741696_fullText_3"]	Fatty Liver	C0015695
norfenefrine	C0068986	CAUSES	["6872265_fullText_7"]	Phenylketonurias	C0031485
leriglitazone	C5139806	CAUSES	["39231983_fullText_97"]	CNS disorder	C0007682
