Gene	Gene_id	RELATION	PROVENANCE	Phenotype	Phenotype_id
CACNA1A gene	C1456413	ASSOCIATED_WITH		Gait Ataxia	C0751837
PNPLA6 gene	C1826637	ASSOCIATED_WITH		Gait Ataxia	C0751837
DARS2 gene	C1824885	ASSOCIATED_WITH		Gait Ataxia	C0751837
SPG7 gene	C1420354	ASSOCIATED_WITH		Gait Ataxia	C0751837
MT-ATP6 gene	C1537983	CAUSES	["34638685_fullText_17"]	Neurological observations	C0422837
PRPF6 gene	C1826706	AUGMENTS	["18350360_fullText_8"]	Neurological observations	C0422837
NDUFS4 gene	C1417647	CAUSES	["35770802_fullText_108"]	Neuronal loss	C1850496
ATXN3 gene	C1538301	CAUSES	["15049515_fullText_2"]	Neuronal loss	C1850496
DMPK gene	C1414085	CAUSES	["25655594_fullText_2"]	Early-onset	C1833334
MRRF gene	C1417252	DISRUPTS	["30425197_fullText_110"]	Early-onset	C1833334
ELF4 gene	C1414377	CAUSES	["35406718_fullText_241"]	Rescue	C3840763
CELF1 gene	C1413824	CAUSES	["25887157_fullText_8"]	Rescue	C3840763
RBFOX1 gene	C1854634	AFFECTS	["29789616_fullText_114"]	Rescue	C3840763
PDCD6 gene	C1418406	AFFECTS	["34106226_fullText_76"]	Rescue	C3840763
BECN1 gene	C1412785	AFFECTS	["29725949_fullText_8"]	Rescue	C3840763
COG8 gene	C1425655	DISRUPTS	["32629928_fullText_155"]	Rescue	C3840763
GBP1P1 gene	C3147377	ASSOCIATED_WITH	["36715818_fullText_5"]	ataxic	C0234366
SFSWAP gene	C1419999	ASSOCIATED_WITH	["37071051_fullText_6"]	ataxic	C0234366
NEFL gene	C1417668	ASSOCIATED_WITH	["32510847_fullText_2"]	ataxic	C0234366
LTBP4 gene	C1416930	ASSOCIATED_WITH	["37071051_fullText_6"]	ataxic	C0234366
SAFB2 gene	C1427641	ASSOCIATED_WITH	["37071051_fullText_6"]	ataxic	C0234366
PGM1 gene	C1418516	CAUSES	["33342467_fullText_3"]	Worse	C1457868
L2HGDH gene	C1825784	ASSOCIATED_WITH		Cerebellar Ataxia	C0007758
SYNE1 gene	C1424736	ASSOCIATED_WITH		Cerebellar Ataxia	C0007758
SETX gene	C1822695	ASSOCIATED_WITH		Cerebellar Ataxia	C0007758
KIF1C gene	C1416632	ASSOCIATED_WITH		Cerebellar Ataxia	C0007758
CACNA1G gene	C1413061	ASSOCIATED_WITH		Cerebellar Ataxia	C0007758
DNMT1 gene	C1414121	ASSOCIATED_WITH		Cerebellar Ataxia	C0007758
PLA2G6 gene	C1418624	ASSOCIATED_WITH		Cerebellar Ataxia	C0007758
KCNJ10 gene	C1416577	ASSOCIATED_WITH		Cerebellar Ataxia	C0007758
GRM1 gene	C1333711	ASSOCIATED_WITH		Cerebellar Ataxia	C0007758
MFN2 gene	C1424611	ASSOCIATED_WITH		Cerebellar Ataxia	C0007758
ATM gene	C0919524	ASSOCIATED_WITH		Cerebellar Ataxia	C0007758
DYNC1H1 gene	C1825005	ASSOCIATED_WITH		Cerebellar Ataxia	C0007758
TDP2 gene	C1425071	ASSOCIATED_WITH		Cerebellar Ataxia	C0007758
NOP56 gene	C2678521	ASSOCIATED_WITH		Cerebellar Ataxia	C0007758
CACNA1A gene	C1456413	ASSOCIATED_WITH		Cerebellar Ataxia	C0007758
SLC2A1 gene	C1335837	ASSOCIATED_WITH		Cerebellar Ataxia	C0007758
SCN8A gene	C1419866	ASSOCIATED_WITH		Cerebellar Ataxia	C0007758
RFC1 gene	C1419348	ASSOCIATED_WITH		Cerebellar Ataxia	C0007758
PNPLA6 gene	C1826637	ASSOCIATED_WITH		Cerebellar Ataxia	C0007758
ITPR1 gene	C1334148	ASSOCIATED_WITH		Cerebellar Ataxia	C0007758
PMM2 gene	C1418674	ASSOCIATED_WITH		Cerebellar Ataxia	C0007758
NPC1 gene	C1417776	ASSOCIATED_WITH		Cerebellar Ataxia	C0007758
CA8 gene	C1413051	ASSOCIATED_WITH		Cerebellar Ataxia	C0007758
PEX6 gene	C1418478	ASSOCIATED_WITH		Cerebellar Ataxia	C0007758
MLC1 gene	C1424729	ASSOCIATED_WITH		Cerebellar Ataxia	C0007758
PRKCG gene	C1418919	ASSOCIATED_WITH		Cerebellar Ataxia	C0007758
COQ4 gene	C1426339	ASSOCIATED_WITH		Cerebellar Ataxia	C0007758
KCNA6 gene	C1416549	ASSOCIATED_WITH		Cerebellar Ataxia	C0007758
POLG gene	C1418731	ASSOCIATED_WITH		Cerebellar Ataxia	C0007758
AFG3L2 gene	C1412274	ASSOCIATED_WITH		Cerebellar Ataxia	C0007758
GJB1 gene	C1415076	ASSOCIATED_WITH		Cerebellar Ataxia	C0007758
STXBP1 gene	C1420506	ASSOCIATED_WITH		Cerebellar Ataxia	C0007758
RPGRIP1L gene	C2242767	ASSOCIATED_WITH		Cerebellar Ataxia	C0007758
PDYN gene	C1418447	ASSOCIATED_WITH__INFER__	["8968739_fullText_2","8968739_fullText_8"]	Cerebellar Ataxia	C0007758
Alleles	C0002085	CAUSES	["3702929_fullText_4"]	Severe phenotype	C1836408
PEX13 gene	C1418474	CAUSES	["37962062_fullText_10"]	Severe phenotype	C1836408
PEX26 gene	C1427818	CAUSES	["30446579_fullText_33"]	Severe phenotype	C1836408
MT-CO2 gene	C1537986	CAUSES	["33771987_fullText_1"]	Severe phenotype	C1836408
MT-CO3 gene	C1537987	CAUSES	["33771987_fullText_1"]	Severe phenotype	C1836408
SURF1 gene	C1420527	CAUSES	["25164807_fullText_85"]	Severe phenotype	C1836408
PEX1 gene	C1418469	CAUSES	["16141001_fullText_5"]	Severe phenotype	C1836408
PHEX gene	C1418526	CAUSES	["10862081_fullText_6","30446579_fullText_33"]	Severe phenotype	C1836408
GCDH gene	C1415009	CAUSES	["28062662_fullText_2"]	Severe phenotype	C1836408
Alleles	C0002085	AFFECTS	["22643181_fullText_43"]	Severe phenotype	C1836408
PGAM5 gene	C1826571	AFFECTS	["30578322_fullText_4"]	Severe phenotype	C1836408
PINK1 gene	C1422771	AFFECTS	["30578322_fullText_4"]	Severe phenotype	C1836408
SCN1A gene	C1419856	AUGMENTS	["34822817_fullText_7"]	Severe phenotype	C1836408
SOD1 gene	C1420306	ASSOCIATED_WITH		Fatigue	C0015672
IMPACT gene	C1825598	ASSOCIATED_WITH	["20482818_fullText_66"]	Fatigue	C0015672
GFPT1 gene	C1415046	ASSOCIATED_WITH__INFER__	["21975507_fullText_8"]	Fatigue	C0015672
ABCB1 gene	C0376622	ASSOCIATED_WITH		Nausea	C0027497
IFNG gene	C1334085	ASSOCIATED_WITH		Nausea	C0027497
POMC gene	C1337111	ASSOCIATED_WITH		Nausea	C0027497
OPRM1 gene	C1417965	ASSOCIATED_WITH		Nausea	C0027497
ATXN3 gene	C1538301	AFFECTS	["20414586_fullText_12"]	Depressive Symptoms	C0086132
FASN gene	C1367441	ASSOCIATED_WITH		Depressive Symptoms	C0086132
ABCC9 gene	C1412083	ASSOCIATED_WITH		Depressive Symptoms	C0086132
DAO gene	C1413903	ASSOCIATED_WITH		Depressive Symptoms	C0086132
CYP19A1 gene	C1366496	ASSOCIATED_WITH		Depressive Symptoms	C0086132
CYP1A1 gene	C0919425	ASSOCIATED_WITH		Depressive Symptoms	C0086132
SLC5A7 gene	C1422359	ASSOCIATED_WITH		Depressive Symptoms	C0086132
IFNAR1 gene	C1334081	ASSOCIATED_WITH		Depressive Symptoms	C0086132
SULT1A1 gene	C1420514	ASSOCIATED_WITH		Depressive Symptoms	C0086132
CYP1B1 gene	C1413859	ASSOCIATED_WITH		Depressive Symptoms	C0086132
FMR1 gene	C1414649	ASSOCIATED_WITH		Depressive Symptoms	C0086132
TGFB1 gene	C1366557	ASSOCIATED_WITH		Depressive Symptoms	C0086132
SERPINE1 gene	C1418252	ASSOCIATED_WITH		Depressive Symptoms	C0086132
ACE gene	C1413931	ASSOCIATED_WITH		Depressive Symptoms	C0086132
RAB3D gene	C1419208	ASSOCIATED_WITH	["34623076_fullText_1"]	Depressive Symptoms	C0086132
IMPACT gene	C1825598	ASSOCIATED_WITH	["35849771_fullText_2","31992347_abstract_2","31992347_abstract_3"]	Depressive Symptoms	C0086132
SAR1A gene	C1419815	ASSOCIATED_WITH	["26644294_fullText_2"]	Depressive Symptoms	C0086132
CPSF4 gene	C1413687	AUGMENTS	["10435210_fullText_10"]	Educational Status	C0013658
MBNL3 gene	C1427004	DISRUPTS	["27484195_fullText_18"]	Consequent	C3845876
SIRT1 gene	C1423062	DISRUPTS	["27165717_fullText_76"]	Consequent	C3845876
PROS1 wt Allele	C3813209	AFFECTS	["37626429_fullText_2"]	Perceived quality of life	C0518214
LY6E gene	C1334353	AFFECTS	["31575582_fullText_75"]	Perceived quality of life	C0518214
IMPACT gene	C1825598	AFFECTS	["36309700_fullText_4","35164706_fullText_5","35164706_fullText_7","29110168_fullText_8"]	Perceived quality of life	C0518214
C6orf15 gene	C1422277	AFFECTS	["36535286_fullText_1"]	Perceived quality of life	C0518214
PCDH19 gene	C1422530	ASSOCIATED_WITH		Sleep disturbances	C0037317
PER2 gene	C1418465	ASSOCIATED_WITH		Sleep disturbances	C0037317
IMPACT gene	C1825598	ASSOCIATED_WITH	["20482818_fullText_66"]	Sleep disturbances	C0037317
NDUFS4 gene	C1417647	CAUSES	["37770252_fullText_82"]	Body Weight decreased	C0043096
CNR2 gene	C1413555	AFFECTS	["34625464_fullText_8"]	Body Weight decreased	C0043096
LRP2 wt Allele	C3811119	AFFECTS	["36801348_fullText_7","36801348_fullText_8"]	Gait	C0016928
SLC14A2 gene	C1420099	DISRUPTS	["12150945_fullText_3"]	Neuronal Differentiation	C1518294
GBA gene	C1414998	ASSOCIATED_WITH		Resting Tremor	C0234379
DMPK gene	C1414085	CAUSES	["12115974_fullText_4"]	Excitability	C0235169
SCN5A gene	C1419864	AFFECTS	["27063795_fullText_8"]	Excitability	C0235169
DMPK gene	C1414085	AFFECTS	["12454205_fullText_1"]	Excitability	C0235169
WASF1 gene	C1421479	AFFECTS	["2100052_fullText_1"]	Excitability	C0235169
MIR218-2 gene	C1537855	AFFECTS	["37816598_fullText_5"]	Excitability	C0235169
TAC1 wt Allele	C1705924	AFFECTS	["34148230_fullText_5"]	Excitability	C0235169
CTSL1 wt Allele	C1707163	ASSOCIATED_WITH	["28542314_fullText_4"]	Excitability	C0235169
CLOCK gene	C1413503	ASSOCIATED_WITH	["34333153_fullText_4"]	Excitability	C0235169
KCNC3 gene	C1416558	AUGMENTS	["32789747_fullText_6"]	Excitability	C0235169
KCNA6 gene	C1416549	AUGMENTS	["32789747_fullText_6"]	Excitability	C0235169
MALAT1 gene	C1537647	DISRUPTS	["36613961_fullText_5"]	Excitability	C0235169
SAR1A gene	C1419815	DISRUPTS	["33535082_fullText_4"]	Excitability	C0235169
SRI gene	C1420401	DISRUPTS	["36399187_fullText_3"]	90%	C3842582
INS gene	C1337112	ASSOCIATED_WITH		Tachycardia	C0039231
KNG1 gene	C1537501	ASSOCIATED_WITH		Tachycardia	C0039231
GNAS gene	C1366550	ASSOCIATED_WITH		Tachycardia	C0039231
HTR4 gene	C1415813	ASSOCIATED_WITH		Tachycardia	C0039231
GNRH1 gene	C1415169	ASSOCIATED_WITH		Tachycardia	C0039231
RYR2 gene	C1419779	ASSOCIATED_WITH		Tachycardia	C0039231
DRD2 gene	C1333253	ASSOCIATED_WITH		Tachycardia	C0039231
BCHE gene	C1412756	ASSOCIATED_WITH		Tachycardia	C0039231
Retinoic Acid Response Element	C1514917	AFFECTS	["34751953_fullText_7"]	Household composition	C0595998
LY86 gene	C1424584	AFFECTS	["21752270_fullText_1","21752270_fullText_15","21752270_fullText_43","21752270_fullText_240"]	Household composition	C0595998
IMPACT gene	C1825598	AFFECTS	["28484315_fullText_17"]	Household composition	C0595998
COMP gene	C1456376	CAUSES	["21029365_fullText_5"]	Multiple birth (finding)	C2015861
STX5 gene	C1823143	CAUSES	["32629928_fullText_208"]	Severe disorder	C1836348
MGME1 gene	C1424082	CAUSES	["36056365_fullText_85"]	Severe disorder	C1836348
SLC25A1 gene	C1420150	CAUSES	["32660532_fullText_1"]	Severe disorder	C1836348
PHEX gene	C1418526	CAUSES	["21031596_fullText_1","19877282_fullText_2"]	Severe disorder	C1836348
MJD gene	C1417173	CAUSES	["29427109_fullText_1"]	Severe disorder	C1836348
PMP22 gene	C1418677	CAUSES	["9021013_fullText_5"]	Severe disorder	C1836348
DHDDS gene	C1427027	AFFECTS	["27343064_fullText_193"]	Severe disorder	C1836348
PTGER1 gene	C1419061	CAUSES	["35908896_fullText_5"]	Not significant	C1273937
PMM2 gene	C1418674	AFFECTS	["38430517_fullText_5"]	Neurologic Manifestations	C0027854
ALDH5A1 gene	C1412339	ASSOCIATED_WITH		Neurologic Manifestations	C0027854
ABCB1 gene	C0376622	AFFECTS	["36071112_fullText_2"]	Engaged to be married	C0425152
MBNL2 gene	C1424516	CAUSES	["26501102_fullText_128","26501102_fullText_134","26501102_fullText_136"]	Lethal	C3151529
CACNA1A gene	C1456413	CAUSES	["31636082_fullText_5"]	Lethal	C3151529
COG8 gene	C1425655	CAUSES	["34943782_fullText_162"]	Lethal	C3151529
COG5 gene	C1423002	CAUSES	["34943782_fullText_162"]	Lethal	C3151529
NGLY1 gene	C1425023	CAUSES	["35653343_fullText_76"]	Lethal	C3151529
LGALS4 gene	C1416832	CAUSES	["26940433_fullText_21"]	Lethal	C3151529
TMEM173 gene	C1823437	CAUSES	["30135079_fullText_71"]	Lethal	C3151529
PMM2 gene	C1418674	CAUSES	["24305089_fullText_3"]	Lethal	C3151529
TFAM gene	C1420696	CAUSES	["30059502_fullText_57"]	Lethal	C3151529
MBNL1 gene	C1417055	CAUSES	["22846424_fullText_6","26501102_fullText_128","26501102_fullText_134","26501102_fullText_136"]	Lethal	C3151529
SURF1 gene	C1420527	CAUSES	["25164807_fullText_4","25164807_fullText_63"]	Lethal	C3151529
ACAD9 gene	C1427586	CAUSES	["26826406_fullText_6"]	Lethal	C3151529
DMPK gene	C1414085	AFFECTS	["26756355_fullText_134"]	Lethal	C3151529
SLC12A2 gene	C1420091	AFFECTS	["35565658_fullText_193"]	Lethal	C3151529
LGALS4 gene	C1416832	DISRUPTS	["35653343_fullText_101"]	Lethal	C3151529
TFAM gene	C1420696	DISRUPTS	["30059502_fullText_34"]	Lethal	C3151529
AOC1 gene	C1412100	DISRUPTS	["21730182_fullText_4"]	Lethal	C3151529
SRGN gene	C1418888	DISRUPTS	["36422805_fullText_2"]	Lethal	C3151529
TAC1 wt Allele	C1705924	AFFECTS	["34448639_fullText_2"]	Handling	C1832073
ATG5 gene	C1825497	AFFECTS	["33752242_fullText_3"]	Handling	C1832073
SMAD5-AS1 gene	C2239937	AFFECTS	["34601389_fullText_3"]	Handling	C1832073
NTS gene	C1417869	ASSOCIATED_WITH		Muscle Rigidity	C0026837
GBA gene	C1414998	ASSOCIATED_WITH		Muscle Rigidity	C0026837
GCH1 gene	C1415012	ASSOCIATED_WITH		Muscle Rigidity	C0026837
NPY gene	C1417815	ASSOCIATED_WITH		Muscle Rigidity	C0026837
IMPACT gene	C1825598	ASSOCIATED_WITH	["34933094_fullText_5"]	Muscle Rigidity	C0026837
LAMP1 gene	C1416788	AFFECTS	["27415628_fullText_87"]	Protection	C1545588
PDIA3 gene	C1538607	AFFECTS	["36374735_fullText_3"]	Protection	C1545588
IMPACT gene	C1825598	DISRUPTS	["36228820_fullText_3"]	Protection	C1545588
ATXN3 gene	C1538301	CAUSES	["36798010_fullText_3"]	Mortality, Premature	C1855073
MBNL1 gene	C1417055	CAUSES	["31968060_fullText_116"]	Mortality, Premature	C1855073
Retinoic Acid Response Element	C1514917	CAUSES	["31211461_fullText_1"]	Mortality, Premature	C1855073
NDUFS4 gene	C1417647	CAUSES	["22653057_fullText_7"]	Mortality, Premature	C1855073
LAMA2 gene	C1416776	CAUSES	["28367954_fullText_1"]	Mortality, Premature	C1855073
CEL gene	C1413336	AUGMENTS	["25835550_fullText_4"]	Mortality, Premature	C1855073
ATXN3 gene	C1538301	DISRUPTS	["17626202_fullText_4"]	Mortality, Premature	C1855073
APP gene	C1364818	ASSOCIATED_WITH		Weight Gain	C0043094
LEP gene	C1416825	ASSOCIATED_WITH		Weight Gain	C0043094
GPR55 gene	C1415245	ASSOCIATED_WITH		Weight Gain	C0043094
ADIPOQ gene	C1540187	ASSOCIATED_WITH		Weight Gain	C0043094
CNR1 gene	C1413554	ASSOCIATED_WITH		Weight Gain	C0043094
MMP2 gene	C1334522	ASSOCIATED_WITH		Weight Gain	C0043094
LEPR gene	C1366515	ASSOCIATED_WITH		Weight Gain	C0043094
CYP2D6 gene	C1332830	ASSOCIATED_WITH		Weight Gain	C0043094
HTR2C gene	C1415811	ASSOCIATED_WITH		Weight Gain	C0043094
POMC gene	C1337111	ASSOCIATED_WITH		Weight Gain	C0043094
SRI gene	C1420401	ASSOCIATED_WITH		Weight Gain	C0043094
GDF15 gene	C1335222	ASSOCIATED_WITH		Weight Gain	C0043094
DRD2 gene	C1333253	ASSOCIATED_WITH		Weight Gain	C0043094
ACE gene	C1413931	ASSOCIATED_WITH		Weight Gain	C0043094
HCRT gene	C1415500	ASSOCIATED_WITH		Weight Gain	C0043094
GH1 gene	C1333673	ASSOCIATED_WITH		Weight Gain	C0043094
AKR1C2 gene	C1412325	ASSOCIATED_WITH		Weight Gain	C0043094
INSIG2 gene	C1426946	ASSOCIATED_WITH		Weight Gain	C0043094
ABCG1 gene	C1412096	ASSOCIATED_WITH		Weight Gain	C0043094
CD36 gene	C1366645	ASSOCIATED_WITH		Weight Gain	C0043094
ATP6V1E1 gene	C1412677	DISRUPTS	["37770252_fullText_90"]	Weight Gain	C0043094
CENPV gene	C1538722	DISRUPTS	["37770252_fullText_90"]	Weight Gain	C0043094
CD8A wt Allele	C3540595	DISRUPTS	["37770252_fullText_90"]	Weight Gain	C0043094
DEAF1 gene	C1422833	AFFECTS	["35245487_fullText_8"]	Abnormality	C1704258
ATXN3 gene	C1538301	CAUSES	["33477953_fullText_4"]	Decrease in height	C0424641
NDUFAF5 gene	C1423817	CAUSES	["34964562_fullText_11"]	Early death	C1836407
PMM2 gene	C1418674	DISRUPTS	["26940433_fullText_71"]	Early death	C1836407
NDUFA12 gene	C1826391	CAUSES	["34849584_fullText_313"]	Neurologic Symptoms	C0235031
Retinoic Acid Response Element	C1514917	CAUSES	["33650116_fullText_1"]	Genotype-Phenotype Associations	C2717879
DOK7 gene	C1824957	CAUSES	["31453852_fullText_3"]	Genotype-Phenotype Associations	C2717879
Alleles	C0002085	AFFECTS	["28257691_fullText_18","28257691_fullText_109"]	Genotype-Phenotype Associations	C2717879
Retinoic Acid Response Element	C1514917	PREDISPOSES	["34928236_fullText_63"]	Signs and Symptoms	C0037088
IARS2 gene	C1825559	ASSOCIATED_WITH	["25130867_fullText_7"]	Signs and Symptoms	C0037088
PMM2 gene	C1418674	ASSOCIATED_WITH__INFER__	["31640729_fullText_15"]	Signs and Symptoms	C0037088
MT-TA gene	C1537998	ASSOCIATED_WITH__INFER__	["17895983_fullText_82"]	Signs and Symptoms	C0037088
GPBAR1 gene	C1426330	ASSOCIATED_WITH		Constipation	C0009806
POMC gene	C1337111	ASSOCIATED_WITH		Constipation	C0009806
OPRM1 gene	C1417965	ASSOCIATED_WITH		Constipation	C0009806
LAMA1 gene	C1416775	CAUSES	["37602534_fullText_7"]	Serious Adverse Event	C1519255
LAMA1 gene	C1416775	DISRUPTS	["37602534_fullText_10"]	Serious Adverse Event	C1519255
NT5E gene	C1417861	DISRUPTS	["34224862_fullText_4"]	Neuronal degeneration	C3670500
ABCB1 gene	C0376622	ASSOCIATED_WITH		Hypotension, Orthostatic	C0020651
OPRM1 gene	C1417965	ASSOCIATED_WITH		Hypotension, Orthostatic	C0020651
NDUFS8 gene	C1417651	CAUSES	["35148383_fullText_54"]	patient condition	C0683521
Exome	C3178814	CAUSES	["35217561_fullText_10"]	patient condition	C0683521
DARS2 gene	C1824885	CAUSES	["33182419_fullText_79"]	Tremor	C0040822
LGALS4 gene	C1416832	CAUSES	["31246996_fullText_116"]	Tremor	C0040822
UNC13A gene	C1427949	ASSOCIATED_WITH		Tremor	C0040822
ADORA2A gene	C1412246	ASSOCIATED_WITH		Tremor	C0040822
GBA gene	C1414998	ASSOCIATED_WITH		Tremor	C0040822
CYP2D6 gene	C1332830	ASSOCIATED_WITH		Tremor	C0040822
ADRB2 gene	C1367657	ASSOCIATED_WITH		Tremor	C0040822
HTR1A gene	C1415803	ASSOCIATED_WITH		Tremor	C0040822
MPZ gene	C1417248	ASSOCIATED_WITH		Tremor	C0040822
STXBP1 gene	C1420506	ASSOCIATED_WITH		Tremor	C0040822
ATG7 gene	C1825498	DISRUPTS	["25112410_fullText_5"]	Tremor	C0040822
IMPACT gene	C1825598	AFFECTS	["31970692_fullText_4"]	consideration	C0518609
PEX14 gene	C1418475	CAUSES	["27827795_fullText_35"]	Starvation	C0038187
GCDH gene	C1415009	AUGMENTS	["35157847_fullText_69"]	Starvation	C0038187
CRX gene	C1413723	ASSOCIATED_WITH		Stargardt's disease	C0271093
CRB1 gene	C1413701	ASSOCIATED_WITH		Stargardt's disease	C0271093
BEST1 gene	C1826421	ASSOCIATED_WITH		Stargardt's disease	C0271093
ABCA4 gene	C1412063	ASSOCIATED_WITH		Stargardt's disease	C0271093
PPARGC1A gene	C1418779	AFFECTS	["28367954_fullText_58"]	Form of muscle	C0240417
SLC6A4 gene	C1420214	CAUSES	["33908307_fullText_3"]	Hyperactive behavior	C0424295
SLC6A3 wt Allele	C3813713	CAUSES	["36499749_fullText_8"]	Hyperactive behavior	C0424295
PRRT2 gene	C1826724	ASSOCIATED_WITH		Hyperactive behavior	C0424295
NF1 gene	C0085113	ASSOCIATED_WITH		Hyperactive behavior	C0424295
SLC12A5 gene	C1422213	AFFECTS	["35880480_fullText_4"]	impaired motor coordination	C0814161
SLC6A11 gene	C1420208	AFFECTS	["35880480_fullText_4"]	impaired motor coordination	C0814161
MBNL1 gene	C1417055	CAUSES	["25630614_fullText_74"]	Symptom severe	C0436345
DMPK gene	C1414085	CAUSES	["25655594_fullText_2"]	Symptom severe	C0436345
NGLY1 gene	C1425023	CAUSES	["31733337_fullText_2"]	Symptom severe	C0436345
PSEN1 gene	C1418985	ASSOCIATED_WITH		Paraparesis, Spastic	C0037771
SPAST gene	C1539809	ASSOCIATED_WITH		Paraparesis, Spastic	C0037771
SPG7 gene	C1420354	ASSOCIATED_WITH		Paraparesis, Spastic	C0037771
CAMK2D gene	C1413101	ASSOCIATED_WITH	["22427994_fullText_46"]	Excessive daytime somnolence	C0694563
Myotonic dystrophy gene	C1508293	AFFECTS	["7707098_fullText_9"]	Clinical variability	C1842176
MKI67 gene	C1334508	AUGMENTS	["34282593_fullText_6"]	6/5	C0442749
NDUFS4 gene	C1417647	AFFECTS	["35872650_fullText_29"]	Rhythm	C0871269
KSS gene	C1416765	DISRUPTS	["33734828_fullText_11"]	Drowsiness	C0013144
CLCN1 gene	C1413450	CAUSES	["24179176_fullText_6"]	Imbalance	C1397014
ATP2A1 gene	C1412637	CAUSES	["24179176_fullText_6"]	Imbalance	C1397014
MBNL1 gene	C1417055	CAUSES	["31721251_fullText_18","27030674_fullText_94"]	Imbalance	C1397014
DMPK gene	C1414085	CAUSES	["35695045_fullText_4"]	Imbalance	C1397014
ELF4 gene	C1414377	AFFECTS	["21737679_fullText_166"]	Imbalance	C1397014
CFP gene	C1418482	AFFECTS	["35011001_fullText_3"]	Imbalance	C1397014
PAH gene	C1418251	CAUSES	["11214902_fullText_7"]	Does skip	C0560435
mutant gene	C0678941	CAUSES	["19292873_fullText_4"]	Does skip	C0560435
NF1 gene	C0085113	CAUSES	["25630614_fullText_39"]	Does skip	C0560435
PMM2 gene	C1418674	CAUSES	["30530630_fullText_50"]	Does skip	C0560435
Alleles	C0002085	CAUSES	["10924277_fullText_4","24348268_fullText_225"]	Does skip	C0560435
DBP gene	C1413924	CAUSES	["11992265_fullText_4"]	Does skip	C0560435
PTBP1 gene	C1419054	CAUSES	["19147685_fullText_6"]	Does skip	C0560435
RBM10 gene	C1419296	AUGMENTS	["25630614_fullText_171"]	Does skip	C0560435
MBNL1 gene	C1417055	CAUSES	["28535287_fullText_7"]	Does hit (finding)	C0596020
ANO1 gene	C1427656	AFFECTS	["36293514_fullText_6"]	Does hit (finding)	C0596020
MBNL1 gene	C1417055	AUGMENTS	["28535287_fullText_42"]	Does hit (finding)	C0596020
KNG1 gene	C1537501	ASSOCIATED_WITH		Coughing	C0010200
TRPV1 gene	C1421467	ASSOCIATED_WITH		Coughing	C0010200
ACE gene	C1413931	ASSOCIATED_WITH		Coughing	C0010200
TRPA1 gene	C1412407	ASSOCIATED_WITH		Coughing	C0010200
GABRB3 gene	C1414916	ASSOCIATED_WITH		Sleeplessness	C0917801
HCRT gene	C1415500	ASSOCIATED_WITH	["35972717_fullText_6"]	Sleeplessness	C0917801
IGSF6 gene	C1416375	ASSOCIATED_WITH	["34415378_fullText_2"]	Sleeplessness	C0917801
HCRTR2 gene	C1415502	DISRUPTS	["35254948_fullText_2"]	Sleeplessness	C0917801
HMBS gene	C1415597	AFFECTS	["38497605_fullText_20"]	Functional Status	C0598463
ATXN3 gene	C1538301	AFFECTS	["39320846_fullText_21"]	Functional Status	C0598463
LY6E gene	C1334353	AFFECTS	["31575582_fullText_75"]	Functional Status	C0598463
NDUFAF2 gene	C1826392	DISRUPTS	["38949024_fullText_35"]	Functional Status	C0598463
SLC2A1 gene	C1335837	ASSOCIATED_WITH		Myoclonus	C0027066
AFG3L2 gene	C1412274	ASSOCIATED_WITH		Myoclonus	C0027066
NPC1 gene	C1417776	ASSOCIATED_WITH		Ophthalmoplegia	C0029089
DSC3 gene	C1414158	ASSOCIATED_WITH	["34743917_fullText_6"]	Psychotic symptom	C0871189
GATS gene	C2681540	DISRUPTS	["33838585_fullText_3"]	5 mm	C3840882
MBNL1 gene	C1417055	ASSOCIATED_WITH	["29789616_fullText_3"]	Multiple symptoms	C0231217
FBRS gene	C1426940	CAUSES	["36232937_fullText_1"]	Fluctuation	C0231239
HTL gene	C1415797	ASSOCIATED_WITH	["34780780_fullText_3"]	Fluctuation	C0231239
ACE gene	C1413931	AFFECTS	["35132122_fullText_11"]	insensitivity	C0237677
HTT gene	C1415504	AFFECTS	["39375222_fullText_114"]	Strong positive	C3845288
PMM2 gene	C1418674	DISRUPTS	["22956764_fullText_17"]	Unable	C1299582
TUBA1A gene	C1865269	ASSOCIATED_WITH		Brainstem abnormalities	C1850601
TFAM gene	C1420696	CAUSES	["30059502_fullText_86","30059502_fullText_241"]	Does climb	C0561942
SNCA gene	C1420276	CAUSES	["31246996_fullText_91"]	Does climb	C0561942
Genome	C0017428	PART_OF	["38820906_fullText_4"]	australian	C0238711
GPSM2 gene	C1428865	AFFECTS	["1442885_fullText_5"]	Blind Vision	C0456909
USH2A gene	C1421381	ASSOCIATED_WITH		Blind Vision	C0456909
RHO gene	C1419385	ASSOCIATED_WITH		Blind Vision	C0456909
CEP290 gene	C1824725	ASSOCIATED_WITH		Blind Vision	C0456909
ABCA4 gene	C1412063	ASSOCIATED_WITH		Blind Vision	C0456909
Alleles	C0002085	DISRUPTS	["24367268_fullText_163"]	Related to Cancer	C2826292
STAU1 gene	C1823131	CAUSES	["26824521_fullText_83"]	Major change	C3845593
ANLN gene	C1422396	CAUSES	["37847546_fullText_8"]	Major change	C3845593
DR1 gene	C1333247	DISRUPTS	["37394124_fullText_7"]	Behavior showing increased motor activity	C0474395
TRPM6 gene	C1425225	AFFECTS	["34140503_fullText_9"]	Systemic arterial pressure	C1272641
DMPK gene	C1414085	AFFECTS	["12595579_fullText_9"]	Cardiac dysfunction	C3277906
PIM1 gene	C0812214	AFFECTS	["33709435_fullText_5"]	Pulmonary Dysfunction	C1709770
NDUFS4 gene	C1417647	CAUSES	["22653057_fullText_7","28916769_fullText_22"]	Abnormal breathing	C1260922
PMM2 gene	C1418674	AFFECTS	["38599261_fullText_1"]	Nervousness	C0027769
GOLGA2 gene	C1415174	AFFECTS	["34943782_fullText_90"]	Nervousness	C0027769
CELF1 gene	C1413824	CAUSES	["23637619_fullText_26"]	Mild phenotype	C1855585
PEX26 gene	C1427818	CAUSES	["30446579_fullText_17"]	Mild phenotype	C1855585
GOSR1 gene	C1415179	CAUSES	["34943782_fullText_214"]	Mild phenotype	C1855585
BET1L gene	C1426180	CAUSES	["34943782_fullText_214"]	Mild phenotype	C1855585
LAMB2 gene	C1416781	CAUSES	["31959872_fullText_2"]	Mild phenotype	C1855585
TMPO wt Allele	C3541334	CAUSES	["39125643_fullText_78"]	Misdiagnosis	C0679838
ADO gene	C1428110	CAUSES	["39125643_fullText_78"]	Misdiagnosis	C0679838
KCNA1 gene	C1416543	ASSOCIATED_WITH		Myokymia	C0684219
ECHS1 gene	C1414247	AFFECTS	["35206276_fullText_159"]	Illness (finding)	C0221423
CEL gene	C1413336	CAUSES	["31454904_fullText_100"]	Reduced concentration	C0424099
DARS2 gene	C1824885	CAUSES	["33182419_fullText_79"]	Hyperreflexia	C0151889
USH2A gene	C1421381	ASSOCIATED_WITH		Visual Impairment	C3665347
RPGRIP1 gene	C1421991	ASSOCIATED_WITH		Visual Impairment	C3665347
ABCA4 gene	C1412063	ASSOCIATED_WITH		Visual Impairment	C3665347
ETV3 gene	C0812270	AUGMENTS	["34922702_fullText_7"]	Functional capacity	C1998319
Enzyme Gene	C1333402	CAUSES	["20502985_fullText_5"]	ARG	C3714963
MVK gene	C1417508	ASSOCIATED_WITH		Exanthema	C0015230
LEP gene	C1416825	ASSOCIATED_WITH		Polyuria	C0032617
PTGES gene	C1419067	ASSOCIATED_WITH		Polyuria	C0032617
PRKCA gene	C1335261	ASSOCIATED_WITH		Polyuria	C0032617
SRI gene	C1420401	CAUSES	["36528909_fullText_12"]	Senility	C0231337
LY96 gene	C1424783	ASSOCIATED_WITH	["34530841_fullText_5"]	Paroxysmal nocturnal dyspnea	C1956415
MVK gene	C1417508	ASSOCIATED_WITH		Arthralgia	C0003862
TMEM115 gene	C1823376	CAUSES	["32629928_fullText_153"]	Swelling	C0038999
PMM2 gene	C1418674	CAUSES	["12789572_fullText_1"]	Eye Manifestations	C0015411
CDK9 gene	C1413290	DISRUPTS	["33735392_fullText_4"]	Falls	C0085639
NR4A1 gene	C1367453	DISRUPTS	["37620274_fullText_6"]	Falls	C0085639
SIRT3 gene	C1423063	CAUSES	["34571997_fullText_10"]	Impaired mitochondrial respiration	C3554093
MT-ND3 gene	C1537991	AUGMENTS	["31178082_fullText_1"]	Heteroplasmic	C3845270
PEX6 gene	C1418478	CAUSES	["32214787_fullText_68"]	Deafness	C0011053
PEX1 gene	C1418469	CAUSES	["32214787_fullText_68"]	Deafness	C0011053
mutant gene	C0678941	CAUSES	["33256818_fullText_102"]	Deafness	C0011053
GAA gene	C1414899	CAUSES	["33256818_fullText_92"]	Deafness	C0011053
GJB3 gene	C1415078	AFFECTS	["33256818_fullText_45"]	Deafness	C0011053
BDNF gene	C1332408	ASSOCIATED_WITH		Deafness	C0011053
PAX3 gene	C1335192	ASSOCIATED_WITH		Deafness	C0011053
TECTA gene	C1420683	ASSOCIATED_WITH		Deafness	C0011053
SERAC1 gene	C1427283	ASSOCIATED_WITH		Deafness	C0011053
SLC26A5 gene	C1822756	ASSOCIATED_WITH		Deafness	C0011053
CACNA1D gene	C1413058	ASSOCIATED_WITH		Deafness	C0011053
PCDH15 gene	C1422830	ASSOCIATED_WITH		Deafness	C0011053
SLC26A4 gene	C1418445	ASSOCIATED_WITH		Deafness	C0011053
GJB3 gene	C1415078	ASSOCIATED_WITH		Deafness	C0011053
JAG1 gene	C1416525	ASSOCIATED_WITH		Deafness	C0011053
GPSM2 gene	C1428865	ASSOCIATED_WITH		Deafness	C0011053
DFNB31 gene	C1424217	ASSOCIATED_WITH		Deafness	C0011053
GJB2 gene	C1415077	ASSOCIATED_WITH		Deafness	C0011053
USH1G gene	C1424214	ASSOCIATED_WITH		Deafness	C0011053
DFNB59 gene	C1539285	ASSOCIATED_WITH		Deafness	C0011053
MITF gene	C1417172	ASSOCIATED_WITH		Deafness	C0011053
MYO7A gene	C1417569	ASSOCIATED_WITH		Deafness	C0011053
SMAD4 gene	C0694891	ASSOCIATED_WITH		Deafness	C0011053
CDH23 gene	C1422171	ASSOCIATED_WITH		Deafness	C0011053
DNAJC30 gene	C2681419	AFFECTS	["35148383_fullText_29"]	Incomplete penetrance	C1836598
DNAJC30 gene	C2681419	AFFECTS	["35148383_fullText_29"]	Male predominance	C1835590
GCDH gene	C1415009	AFFECTS	["32992790_fullText_139"]	Fever	C0015967
PMM2 gene	C1418674	AFFECTS	["10602363_fullText_5"]	Fever	C0015967
CRH gene	C1366488	ASSOCIATED_WITH		Fever	C0015967
TNF gene	C0812246	ASSOCIATED_WITH		Fever	C0015967
HTR2A gene	C1415809	ASSOCIATED_WITH		Fever	C0015967
PRKCD gene	C1418916	ASSOCIATED_WITH		Fever	C0015967
HMGB1 gene	C1333908	ASSOCIATED_WITH		Fever	C0015967
HMBS gene	C1415597	ASSOCIATED_WITH		Fever	C0015967
STAT3 gene	C1367307	ASSOCIATED_WITH		Fever	C0015967
NLRP3 gene	C1424250	ASSOCIATED_WITH		Fever	C0015967
NOS1 gene	C1417759	ASSOCIATED_WITH		Fever	C0015967
PTGES gene	C1419067	ASSOCIATED_WITH		Fever	C0015967
IL2 gene	C0879590	ASSOCIATED_WITH		Fever	C0015967
IFNG gene	C1334085	ASSOCIATED_WITH		Fever	C0015967
IL6 gene	C1334122	ASSOCIATED_WITH		Fever	C0015967
TNFRSF1A gene	C1363984	ASSOCIATED_WITH		Fever	C0015967
POMC gene	C1337111	ASSOCIATED_WITH		Fever	C0015967
MVK gene	C1417508	ASSOCIATED_WITH		Fever	C0015967
PTGS2 gene	C1367485	ASSOCIATED_WITH		Fever	C0015967
HTR1A gene	C1415803	ASSOCIATED_WITH		Fever	C0015967
IL1B gene	C1334112	ASSOCIATED_WITH		Fever	C0015967
IL1A gene	C1334111	ASSOCIATED_WITH		Fever	C0015967
IMPACT gene	C1825598	CAUSES	["37770252_fullText_63"]	Sequela of disorder	C0543419
Alleles	C0002085	CAUSES	["12655543_fullText_5"]	Missense	C3845273
PEX1 gene	C1418469	CAUSES	["32214787_fullText_68"]	Missense	C3845273
PEX6 gene	C1418478	CAUSES	["32214787_fullText_68"]	Missense	C3845273
OGT gene	C1417945	CAUSES	["32080367_fullText_53"]	Missense	C3845273
MT-ND1 gene	C1537989	CAUSES	["35217561_fullText_35"]	Missense	C3845273
NDUFC2 gene	C1417643	CAUSES	["32969598_fullText_68"]	Missense	C3845273
TRAPPC9 gene	C2677743	CAUSES	["35042660_fullText_5"]	Missense	C3845273
TRIM8 gene	C1423591	AFFECTS	["32214787_fullText_4"]	Missense	C3845273
MAN2C1 gene	C1416998	AFFECTS	["35045343_fullText_128"]	Missense	C3845273
SLC25A19 gene	C1422628	CAUSES	["31095747_fullText_2"]	Encephalopathy, recurrent	C1850719
Transgenes	C0282641	AFFECTS	["24039817_fullText_92"]	Disease Outcome	C0679250
EARS2 gene	C1825021	CAUSES	["25807530_fullText_11"]	CTCAE Grade 5 Encephalopathy	C1561319
FARS2 gene	C1539476	CAUSES	["25807530_fullText_11"]	CTCAE Grade 5 Encephalopathy	C1561319
HSPA5 gene	C1415761	AFFECTS	["34615619_fullText_7"]	Severe course	C1842211
ACE2 gene	C1422064	AFFECTS	["34615619_fullText_7"]	Severe course	C1842211
PRND gene	C1423700	ASSOCIATED_WITH		Irritable Mood	C0022107
TNFRSF10A gene	C1336643	ASSOCIATED_WITH		Alopecia	C0002170
AR gene	C1367578	ASSOCIATED_WITH		Alopecia	C0002170
CRH gene	C1366488	ASSOCIATED_WITH		Alopecia	C0002170
RHOA gene	C0812234	ASSOCIATED_WITH		Alopecia	C0002170
GCDH gene	C1415009	CAUSES	["18348873_fullText_5","11854167_fullText_9"]	Crisis	C0231224
MBNL1 gene	C1417055	AUGMENTS	["24293317_fullText_12"]	Fiber size variation	C1837325
SLC19A3 gene	C1424138	CAUSES	["24957181_fullText_4"]	Necrotic changes (finding)	C1334928
Alleles	C0002085	CAUSES	["36293220_fullText_84"]	Mildly Abnormal Ejection Fraction	C3274775
PLP1 gene	C1418654	CAUSES	["38104430_fullText_2"]	Amino acid change	C1953353
ALG12 gene	C1426190	CAUSES	["34467644_fullText_77"]	Amino acid change	C1953353
Genome	C0017428	CAUSES	["17895983_fullText_43"]	Amino acid change	C1953353
GCDH gene	C1415009	AFFECTS	["17356845_fullText_2"]	Urinary elimination status	C1320408
SLC6A19 gene	C1428660	AUGMENTS	["39513367_fullText_5"]	Urinary elimination status	C1320408
ALYREF gene	C1425988	CAUSES	["30388443_fullText_5"]	Hypotonia, severe	C1839630
NDUFV2 gene	C1417653	CAUSES	["14729820_fullText_6"]	Encephalomyopathy	C3554130
NDUFS2 gene	C1417645	CAUSES	["14729820_fullText_6"]	Encephalomyopathy	C3554130
NDUFS4 gene	C1417647	CAUSES	["35770802_fullText_87"]	respiratory abnormalities	C0231796
NDUFS4 gene	C1417647	DISRUPTS	["28916769_fullText_22"]	respiratory abnormalities	C0231796
MBNL2 gene	C1424516	AFFECTS	["24293317_fullText_41"]	Normal development	C1821244
COG7 gene	C1425654	AFFECTS	["21431621_fullText_90"]	Normal development	C1821244
SLC14A2 gene	C1420099	DISRUPTS	["14734627_fullText_8"]	Normal development	C1821244
POMC gene	C1337111	ASSOCIATED_WITH		Hirsutism	C0019572
KCNQ1 gene	C1416612	CAUSES	["21459285_fullText_3"]	Syncope	C0039070
SCN5A gene	C1419864	ASSOCIATED_WITH		Syncope	C0039070
RYR2 gene	C1419779	ASSOCIATED_WITH		Syncope	C0039070
CHRM3 gene	C1332759	ASSOCIATED_WITH		Ascites	C0003962
TRPV4 gene	C1425291	ASSOCIATED_WITH		Hyponatremia	C0020625
IFNG gene	C1334085	ASSOCIATED_WITH		Hyponatremia	C0020625
RYR1 gene	C1419778	ASSOCIATED_WITH		Generalized muscle weakness	C0746674
CHRNE gene	C1413412	ASSOCIATED_WITH__INFER__	["37646703_fullText_6"]	Generalized muscle weakness	C0746674
COLQ gene	C1413603	ASSOCIATED_WITH__INFER__	["37646703_fullText_6"]	Generalized muscle weakness	C0746674
RAPSN gene	C1419271	ASSOCIATED_WITH__INFER__	["37646703_fullText_6"]	Generalized muscle weakness	C0746674
DOK7 gene	C1824957	ASSOCIATED_WITH__INFER__	["37646703_fullText_6"]	Generalized muscle weakness	C0746674
C10orf2 gene	C1418458	ASSOCIATED_WITH		Bilateral ptosis	C1865916
ATXN3 gene	C1538301	CAUSES	["38443995_fullText_1"]	Paralysed	C0522224
HHAT gene	C1539668	AFFECTS	["34274434_fullText_9"]	Paralysed	C0522224
PCDH19 gene	C1422530	ASSOCIATED_WITH		Seizures, Focal	C0751495
SCN1A gene	C1419856	ASSOCIATED_WITH		Seizures, Focal	C0751495
SNAI1 gene	C1420267	AFFECTS	["35263582_fullText_2"]	Hypotension	C0020649
TAC1 gene	C1420563	ASSOCIATED_WITH		Hypotension	C0020649
INS gene	C1337112	ASSOCIATED_WITH		Hypotension	C0020649
KNG1 gene	C1537501	ASSOCIATED_WITH		Hypotension	C0020649
CRH gene	C1366488	ASSOCIATED_WITH		Hypotension	C0020649
CNR1 gene	C1413554	ASSOCIATED_WITH		Hypotension	C0020649
PDYN gene	C1418447	ASSOCIATED_WITH		Hypotension	C0020649
MAOA gene	C1417001	ASSOCIATED_WITH		Hypotension	C0020649
ADRA1B gene	C1332027	ASSOCIATED_WITH		Hypotension	C0020649
IL2 gene	C0879590	ASSOCIATED_WITH		Hypotension	C0020649
UCN gene	C1421312	ASSOCIATED_WITH		Hypotension	C0020649
NPPA gene	C1417807	ASSOCIATED_WITH		Hypotension	C0020649
IFNG gene	C1334085	ASSOCIATED_WITH		Hypotension	C0020649
EDN3 gene	C1414261	ASSOCIATED_WITH		Hypotension	C0020649
SOD1 gene	C1420306	ASSOCIATED_WITH		Hypotension	C0020649
CTF1 gene	C1332801	ASSOCIATED_WITH		Hypotension	C0020649
NISCH gene	C1425233	ASSOCIATED_WITH		Hypotension	C0020649
POMC gene	C1337111	ASSOCIATED_WITH		Hypotension	C0020649
REN gene	C1419338	ASSOCIATED_WITH		Hypotension	C0020649
DRD2 gene	C1333253	ASSOCIATED_WITH		Hypotension	C0020649
ACE gene	C1413931	ASSOCIATED_WITH		Hypotension	C0020649
NPPB gene	C1417808	ASSOCIATED_WITH		Hypotension	C0020649
IL1A gene	C1334111	ASSOCIATED_WITH		Hypotension	C0020649
NPPB gene	C1417808	ASSOCIATED_WITH		Cardiomegaly	C0018800
NR1H4 gene	C1417825	ASSOCIATED_WITH		Hepatomegaly	C0019209
SLC37A4 gene	C1414895	ASSOCIATED_WITH		Hepatomegaly	C0019209
LEP gene	C1416825	ASSOCIATED_WITH		Hepatomegaly	C0019209
NR1H2 gene	C1417823	ASSOCIATED_WITH		Hepatomegaly	C0019209
AKT1 gene	C0812228	ASSOCIATED_WITH		Hepatomegaly	C0019209
PPARA gene	C1418776	ASSOCIATED_WITH		Hepatomegaly	C0019209
TRIM37 gene	C1417503	ASSOCIATED_WITH		Hepatomegaly	C0019209
NR1I2 gene	C1417826	ASSOCIATED_WITH		Hepatomegaly	C0019209
HTR7 gene	C1415816	DISRUPTS	["36768393_fullText_3"]	Rapid onset	C1838994
MAN1B1 gene	C1416994	CAUSES	["24348268_fullText_121"]	Mild disorder	C3280118
Alleles	C0002085	AFFECTS	["35175489_fullText_5"]	Fit frequency	C0149775
OIT3 gene	C1538531	AUGMENTS	["37459909_fullText_8"]	Fit frequency	C0149775
PLCE1 gene	C1424797	DISRUPTS	["36970756_fullText_9"]	Encounter due to vagabond status	C0687129
TPCN2 gene	C1427150	AFFECTS	["37329137_fullText_5"]	Encounter due to vagabond status	C0687129
TTN wt Allele	C3538714	ASSOCIATED_WITH	["36098708_fullText_3"]	Muscle Hypertonia	C0026826
SPEN gene	C1539835	CAUSES	["37315904_fullText_3"]	Spasm	C0037763
MLST8 gene	C2677317	CAUSES	["37315904_fullText_3"]	Spasm	C0037763
DMD gene	C1414083	ASSOCIATED_WITH		Spasm	C0037763
CNR1 gene	C1413554	ASSOCIATED_WITH		Hypothermia, natural	C0020672
SOD1 gene	C1420306	ASSOCIATED_WITH		Hypothermia, natural	C0020672
GNRH1 gene	C1415169	ASSOCIATED_WITH		Hypothermia, natural	C0020672
RANBP2 gene	C1419259	ASSOCIATED_WITH		ENCEPHALOPATHY, ACUTE, INFECTION-INDUCED, SUSCEPTIBILITY TO, 3	C2675556
SFTPC gene	C1442758	ASSOCIATED_WITH		Respiratory distress	C0476273
ABCA3 gene	C1412062	ASSOCIATED_WITH		Respiratory distress	C0476273
PMP22 gene	C1418677	ASSOCIATED_WITH		Respiratory distress	C0476273
IGHMBP2 gene	C1415994	ASSOCIATED_WITH		Respiratory distress	C0476273
mutant gene	C0678941	CAUSES	["35205402_fullText_70"]	Globe finding	C0423216
CAPN3 gene	C1413113	ASSOCIATED_WITH		Muscle Weakness	C0151786
TTN gene	C1421222	ASSOCIATED_WITH		Muscle Weakness	C0151786
CHRND gene	C1413411	ASSOCIATED_WITH		Muscle Weakness	C0151786
DMD gene	C1414083	ASSOCIATED_WITH		Muscle Weakness	C0151786
DYNC1H1 gene	C1825005	ASSOCIATED_WITH		Muscle Weakness	C0151786
SCN4A gene	C1419862	ASSOCIATED_WITH		Muscle Weakness	C0151786
BICD2 gene	C1424822	ASSOCIATED_WITH		Muscle Weakness	C0151786
VCP gene	C1421437	ASSOCIATED_WITH		Muscle Weakness	C0151786
SOD1 gene	C1420306	ASSOCIATED_WITH		Muscle Weakness	C0151786
FLNC gene	C1414637	ASSOCIATED_WITH		Muscle Weakness	C0151786
PMP22 gene	C1418677	ASSOCIATED_WITH		Muscle Weakness	C0151786
COL6A2 gene	C1413590	ASSOCIATED_WITH		Muscle Weakness	C0151786
DYSF gene	C1414209	ASSOCIATED_WITH		Muscle Weakness	C0151786
FKRP gene	C1425226	ASSOCIATED_WITH		Muscle Weakness	C0151786
NEB gene	C1417656	ASSOCIATED_WITH		Muscle Weakness	C0151786
DNAJB6 gene	C1423027	ASSOCIATED_WITH		Muscle Weakness	C0151786
MYOT gene	C1826332	ASSOCIATED_WITH		Muscle Weakness	C0151786
RYR1 gene	C1419778	ASSOCIATED_WITH		Muscle Weakness	C0151786
FHL1 gene	C1414612	ASSOCIATED_WITH		Muscle Weakness	C0151786
LY86 gene	C1424584	ASSOCIATED_WITH__INFER__	["20514907_fullText_5"]	Muscle Weakness	C0151786
FOXD3 gene	C1414672	AFFECTS	["36148411_fullText_1"]	Vomiting	C0042963
TAC1 gene	C1420563	ASSOCIATED_WITH		Vomiting	C0042963
ABCB1 gene	C0376622	ASSOCIATED_WITH		Vomiting	C0042963
PYY gene	C1419178	ASSOCIATED_WITH		Vomiting	C0042963
HMBS gene	C1415597	ASSOCIATED_WITH		Vomiting	C0042963
IFNG gene	C1334085	ASSOCIATED_WITH		Vomiting	C0042963
TACR1 gene	C1420565	ASSOCIATED_WITH		Vomiting	C0042963
AMD1 wt Allele	C3539530	ASSOCIATED_WITH	["32048023_abstract_8"]	Vomiting	C0042963
SLC5A7 gene	C1422359	CAUSES	["36611016_fullText_2"]	Neonatal lethal	C1857104
NAGLU gene	C1417593	ASSOCIATED_WITH		Hepatosplenomegaly	C0019214
DDX17 gene	C1413957	CAUSES	["22156369_fullText_131"]	Early lethality	C1836107
PMM2 gene	C1418674	CAUSES	["29261720_fullText_11"]	Early lethality	C1836107
PDCD6 gene	C1418406	CAUSES	["34106226_fullText_19"]	Early lethality	C1836107
Alleles	C0002085	CAUSES	["22956764_fullText_6"]	Early lethality	C1836107
MPI gene	C1417244	CAUSES	["22899857_fullText_6"]	Early lethality	C1836107
GABBR1 gene	C1414904	ASSOCIATED_WITH		Behavioral Symptoms	C0004941
MECP2 gene	C1417098	ASSOCIATED_WITH		Behavioral Symptoms	C0004941
NRXN1 gene	C1417851	ASSOCIATED_WITH		Behavioral Symptoms	C0004941
GRIN2B gene	C1415300	ASSOCIATED_WITH		Behavioral Symptoms	C0004941
PMM2 gene	C1418674	CAUSES	["29361989_fullText_8"]	Defective biosynthesis	C0522072
PEX2 gene	C1419149	AFFECTS	["1673025_fullText_1"]	Defective biosynthesis	C0522072
Transgenes	C0282641	CAUSES	["15317754_fullText_2"]	Endurance	C0518031
NDUFS4 gene	C1417647	CAUSES	["34849584_fullText_192"]	Glial activation	C1864676
ABAT gene	C1412057	ASSOCIATED_WITH		Lethargy	C0023380
HM13 gene	C1424276	CAUSES	["21063982_fullText_2"]	Diarrhea	C0011991
HNRNPD wt Allele	C3540626	CAUSES	["35050903_fullText_29"]	CNS symptom	C0422879
KCNQ2 gene	C1416614	CAUSES	["36198807_fullText_11"]	Seizure free	C1299590
NPPB gene	C1417808	ASSOCIATED_WITH		Dyspnea	C0013404
MYH7 gene	C1417542	ASSOCIATED_WITH		Dyspnea	C0013404
COL13A1 gene	C1413573	ASSOCIATED_WITH__INFER__	["31081514_fullText_13"]	Dyspnea	C0013404
SCN5A gene	C1419864	CAUSES	["27063795_fullText_73"]	Cardiac conduction abnormalities	C1842820
STXBP1 gene	C1420506	ASSOCIATED_WITH		Hypsarrhythmia	C0684276
SCN5A gene	C1419864	CAUSES	["27063795_fullText_67"]	Cardiac Arrhythmia	C0003811
MBNL1 gene	C1417055	CAUSES	["27484195_fullText_1"]	Cardiac Arrhythmia	C0003811
LY86 gene	C1424584	AFFECTS	["30767060_fullText_1"]	Cardiac Arrhythmia	C0003811
KCNQ1 gene	C1416612	ASSOCIATED_WITH		Cardiac Arrhythmia	C0003811
PKP2 gene	C1418613	ASSOCIATED_WITH		Cardiac Arrhythmia	C0003811
SCN5A gene	C1419864	ASSOCIATED_WITH		Cardiac Arrhythmia	C0003811
KCNE2 gene	C1416565	ASSOCIATED_WITH		Cardiac Arrhythmia	C0003811
KCNA5 gene	C1416548	ASSOCIATED_WITH		Cardiac Arrhythmia	C0003811
SGOL1 gene	C1428445	ASSOCIATED_WITH		Cardiac Arrhythmia	C0003811
KNG1 gene	C1537501	ASSOCIATED_WITH		Cardiac Arrhythmia	C0003811
CACNA1C gene	C1413057	ASSOCIATED_WITH		Cardiac Arrhythmia	C0003811
GJA1 gene	C1415068	ASSOCIATED_WITH		Cardiac Arrhythmia	C0003811
HTR4 gene	C1415813	ASSOCIATED_WITH		Cardiac Arrhythmia	C0003811
ACADVL gene	C1412110	ASSOCIATED_WITH		Cardiac Arrhythmia	C0003811
KCNH2 gene	C1416572	ASSOCIATED_WITH		Cardiac Arrhythmia	C0003811
KCNJ2 gene	C1416584	ASSOCIATED_WITH		Cardiac Arrhythmia	C0003811
RYR2 gene	C1419779	ASSOCIATED_WITH		Cardiac Arrhythmia	C0003811
ANK2 gene	C1412403	ASSOCIATED_WITH		Cardiac Arrhythmia	C0003811
ACE gene	C1413931	ASSOCIATED_WITH		Cardiac Arrhythmia	C0003811
SCN1B gene	C1419857	ASSOCIATED_WITH		Cardiac Arrhythmia	C0003811
MYH7 gene	C1417542	ASSOCIATED_WITH		Cardiac Arrhythmia	C0003811
ADRB1 gene	C1439273	DISRUPTS	["37459671_fullText_5"]	Cardiac Arrhythmia	C0003811
SIRT1 gene	C1423062	DISRUPTS	["27165717_fullText_47"]	Hypovolemia	C0546884
NDUFAF5 gene	C1423817	CAUSES	["34964562_fullText_102"]	Observation of attack	C1304680
PIR gene	C1538650	CAUSES	["35768212_fullText_1"]	Abstinence	C3843422
TAC1 gene	C1420563	ASSOCIATED_WITH		Pruritus	C0033774
PDYN gene	C1418447	ASSOCIATED_WITH		Pruritus	C0033774
SCN9A gene	C1419867	ASSOCIATED_WITH		Pruritus	C0033774
HRH4 gene	C1424950	ASSOCIATED_WITH		Pruritus	C0033774
OPRM1 gene	C1417965	ASSOCIATED_WITH		Pruritus	C0033774
ABCB11 gene	C1412070	ASSOCIATED_WITH		Pruritus	C0033774
HRH1 gene	C1439351	ASSOCIATED_WITH		Pruritus	C0033774
P2RY12 gene	C1425330	ASSOCIATED_WITH	["36289499_fullText_6"]	Inflammatory pain	C0234251
PRKG1 gene	C1418929	ASSOCIATED_WITH		Neuralgia	C0027796
TAC1 gene	C1420563	ASSOCIATED_WITH		Neuralgia	C0027796
CXCR2 gene	C1334126	ASSOCIATED_WITH		Neuralgia	C0027796
CACNA2D1 gene	C1413065	ASSOCIATED_WITH		Neuralgia	C0027796
GRM5 gene	C1333712	ASSOCIATED_WITH		Neuralgia	C0027796
GAL gene	C1414945	ASSOCIATED_WITH		Neuralgia	C0027796
TNF gene	C0812246	ASSOCIATED_WITH		Neuralgia	C0027796
NTRK1 gene	C0919487	ASSOCIATED_WITH		Neuralgia	C0027796
HMGB1 gene	C1333908	ASSOCIATED_WITH		Neuralgia	C0027796
SCN10A gene	C1419853	ASSOCIATED_WITH		Neuralgia	C0027796
CYP17A1 gene	C1413858	ASSOCIATED_WITH		Neuralgia	C0027796
SCN9A gene	C1419867	ASSOCIATED_WITH		Neuralgia	C0027796
HTR2C gene	C1415811	ASSOCIATED_WITH		Neuralgia	C0027796
OPRM1 gene	C1417965	ASSOCIATED_WITH		Neuralgia	C0027796
TAC1 gene	C1420563	ASSOCIATED_WITH		Hyperalgesia	C0020429
CNR2 gene	C1413555	ASSOCIATED_WITH		Hyperalgesia	C0020429
SCN11A gene	C1419854	ASSOCIATED_WITH		Hyperalgesia	C0020429
CACNA2D1 gene	C1413065	ASSOCIATED_WITH		Hyperalgesia	C0020429
TNFRSF11B gene	C1336645	ASSOCIATED_WITH		Hyperalgesia	C0020429
PTGER1 gene	C1419061	ASSOCIATED_WITH		Hyperalgesia	C0020429
COMT gene	C1135159	ASSOCIATED_WITH		Hyperalgesia	C0020429
GRIN1 gene	C1415298	ASSOCIATED_WITH		Hyperalgesia	C0020429
GDNF gene	C1333669	ASSOCIATED_WITH		Hyperalgesia	C0020429
KNG1 gene	C1537501	ASSOCIATED_WITH		Hyperalgesia	C0020429
NGF gene	C1417719	ASSOCIATED_WITH		Hyperalgesia	C0020429
CNR1 gene	C1413554	ASSOCIATED_WITH		Hyperalgesia	C0020429
HTR2A gene	C1415809	ASSOCIATED_WITH		Hyperalgesia	C0020429
PDYN gene	C1418447	ASSOCIATED_WITH		Hyperalgesia	C0020429
MECP2 gene	C1417098	ASSOCIATED_WITH		Hyperalgesia	C0020429
TRPV1 gene	C1421467	ASSOCIATED_WITH		Hyperalgesia	C0020429
HMGB1 gene	C1333908	ASSOCIATED_WITH		Hyperalgesia	C0020429
NOS1 gene	C1417759	ASSOCIATED_WITH		Hyperalgesia	C0020429
SLC12A5 gene	C1422213	ASSOCIATED_WITH		Hyperalgesia	C0020429
SCN10A gene	C1419853	ASSOCIATED_WITH		Hyperalgesia	C0020429
GJA1 gene	C1415068	ASSOCIATED_WITH		Hyperalgesia	C0020429
ALOX5 gene	C1412361	ASSOCIATED_WITH		Hyperalgesia	C0020429
GRIN2B gene	C1415300	ASSOCIATED_WITH		Hyperalgesia	C0020429
PNOC gene	C1418716	ASSOCIATED_WITH		Hyperalgesia	C0020429
TRPV4 gene	C1425291	ASSOCIATED_WITH		Hyperalgesia	C0020429
DRD3 gene	C1414148	ASSOCIATED_WITH		Hyperalgesia	C0020429
AIF1 gene	C1412299	ASSOCIATED_WITH		Hyperalgesia	C0020429
MMP3 gene	C1366358	ASSOCIATED_WITH		Hyperalgesia	C0020429
CRHR1 gene	C1413709	ASSOCIATED_WITH		Hyperalgesia	C0020429
CACNA1H gene	C1413062	ASSOCIATED_WITH		Hyperalgesia	C0020429
SYN2 gene	C1420544	ASSOCIATED_WITH		Hyperalgesia	C0020429
MAPK8 gene	C1367731	ASSOCIATED_WITH		Hyperalgesia	C0020429
IL6 gene	C1334122	ASSOCIATED_WITH		Hyperalgesia	C0020429
P2RX3 gene	C1418212	ASSOCIATED_WITH		Hyperalgesia	C0020429
PRKCE gene	C1418918	ASSOCIATED_WITH		Hyperalgesia	C0020429
PRKCG gene	C1418919	ASSOCIATED_WITH		Hyperalgesia	C0020429
P2RX2 gene	C1423503	ASSOCIATED_WITH		Hyperalgesia	C0020429
THBD gene	C1420720	ASSOCIATED_WITH		Hyperalgesia	C0020429
OPRM1 gene	C1417965	ASSOCIATED_WITH		Hyperalgesia	C0020429
MAPK3 gene	C1366765	ASSOCIATED_WITH		Hyperalgesia	C0020429
TRPA1 gene	C1412407	ASSOCIATED_WITH		Hyperalgesia	C0020429
PTGS2 gene	C1367485	ASSOCIATED_WITH		Hyperalgesia	C0020429
IL1B gene	C1334112	ASSOCIATED_WITH		Hyperalgesia	C0020429
IGF1 gene	C1334089	ASSOCIATED_WITH		Hyperalgesia	C0020429
MPZ gene	C1417248	ASSOCIATED_WITH		Hyperalgesia	C0020429
CALCA gene	C1367551	ASSOCIATED_WITH		Hyperalgesia	C0020429
TACR1 gene	C1420565	ASSOCIATED_WITH		Hyperalgesia	C0020429
IL1A gene	C1334111	ASSOCIATED_WITH		Hyperalgesia	C0020429
SLC5A7 gene	C1422359	ASSOCIATED_WITH	["36808325_fullText_4"]	Hyperalgesia	C0020429
TRPM8 gene	C1425206	DISRUPTS	["34166321_fullText_4"]	Hyperalgesia	C0020429
STAT3 gene	C1367307	CAUSES	["36463957_fullText_2"]	Mechanical Allodynia	C2936719
hla gene	C0599797	AFFECTS	["1792853_fullText_1"]	daytime sleepiness	C0541854
IL13 gene	C1334103	AFFECTS	["36856158_fullText_5"]	Nose symptoms	C0231918
CYP2D6 gene	C1332830	AFFECTS	["34003603_fullText_7"]	drug exposure	C0743284
CYP2C19 gene	C1332828	AFFECTS	["34003603_fullText_7"]	drug exposure	C0743284
STAT3 gene	C1367307	CAUSES	["36463957_fullText_2"]	analgesic effect	C0948482
CNR1 gene	C1413554	AFFECTS	["34844727_fullText_7"]	analgesic effect	C0948482
GRIN2B gene	C1415300	DISRUPTS	["33760644_fullText_14"]	analgesic effect	C0948482
Receptor Gene	C1335671	DISRUPTS	["37394124_fullText_7"]	Immobile	C0231441
DR1 gene	C1333247	DISRUPTS	["37394124_fullText_7"]	Immobile	C0231441
FNDC5 gene	C1426803	AUGMENTS	["34126232_fullText_1"]	exercise induced	C0239313
MC4R gene	C1417064	AFFECTS	["37519251_fullText_11"]	Increase in blood pressure	C0497247
TRPV4 gene	C1425291	AFFECTS	["34014488_fullText_4","34014488_fullText_5"]	Neuropathic pain	C3714625
NR5A2 gene	C1417839	CAUSES	["33901621_fullText_11"]	cholinesterase inhibition	C0877006
NR5A2 gene	C1417839	AFFECTS	["33901621_fullText_11"]	cholinesterase inhibition	C0877006
STRA13 gene	C1420488	CAUSES	["35341569_fullText_5"]	Absence of pain sensation	C0344307
CNR1 gene	C1413554	AFFECTS	["34802041_fullText_7"]	Absence of pain sensation	C0344307
HCRTR1 gene	C1415501	ASSOCIATED_WITH	["34718063_fullText_9"]	Absence of pain sensation	C0344307
CNR2 gene	C1413555	ASSOCIATED_WITH	["36260938_fullText_2"]	Absence of pain sensation	C0344307
HCRTR2 gene	C1415502	ASSOCIATED_WITH	["34718063_fullText_9"]	Absence of pain sensation	C0344307
Transgenes	C0282641	AFFECTS	["27030674_fullText_56"]	Infected	C0439663
DDX3X gene	C1413962	AFFECTS	["27030674_fullText_56"]	Infected	C0439663
MTOR gene	C1414805	AFFECTS	["32130224_fullText_33"]	Infected	C0439663
NLRP1 wt Allele	C3538756	CAUSES	["35307331_fullText_2"]	Acute onset pain	C0184567
ABCB1 gene	C0376622	ASSOCIATED_WITH		Pain, Postoperative	C0030201
P2RX7 gene	C1418215	CAUSES	["34205953_fullText_1"]	Nociceptive Pain	C3178766
ALOX5 gene	C1412361	ASSOCIATED_WITH		Endotoxemia	C0376618
HSPD1 gene	C1415782	ASSOCIATED_WITH		Endotoxemia	C0376618
CNR1 gene	C1413554	AUGMENTS	["34443679_fullText_7"]	Endotoxemia	C0376618
STAT3 gene	C1367307	CAUSES	["36463957_fullText_2"]	Hyperalgesia, Thermal	C0751214
TRPV4 gene	C1425291	ASSOCIATED_WITH	["34014488_fullText_6"]	Hyperalgesia, Thermal	C0751214
FAAH gene	C1414512	DISRUPTS	["35754107_fullText_1"]	Withdrawal Symptoms	C0087169
Neomycin resistance gene	C1366752	DISRUPTS	["34127252_fullText_3"]	Day 7	C3842672
HCRTR2 gene	C1415502	DISRUPTS	["37413718_fullText_4"]	Day 7	C3842672
CNR1 gene	C1413554	AFFECTS	["35807499_fullText_1"]	Relationship problems (finding)	C0425168
IL2 gene	C0879590	ASSOCIATED_WITH		Asthenia	C0004093
S100A10 wt Allele	C3538774	ASSOCIATED_WITH	["34010748_fullText_5"]	Asthenia	C0004093
MBNL1 gene	C1417055	CAUSES	["31968060_fullText_116"]	Corrected Prolonged QT Interval by ECG Finding	C0855333
AES gene	C1412268	DISRUPTS	["36472162_fullText_7"]	Exacerbation of asthma	C0349790
LAMA1 gene	C1416775	DISRUPTS	["37602534_fullText_6","37602534_fullText_10"]	Exacerbation of asthma	C0349790
PPARGC1A gene	C1418779	CAUSES	["28367954_fullText_25"]	Inefficiency	C0231184
INS gene	C1337112	ASSOCIATED_WITH		Hyperkalemia	C0020461
MMD gene	C1417198	AFFECTS	["10768538_fullText_4"]	Tidal Volume	C0040210
HTR2B gene	C1415810	AFFECTS	["33895170_fullText_10"]	Ovariectomized female	C3687559
NTN1 gene	C1334908	ASSOCIATED_WITH		Neurobehavioral Manifestations	C0525041
CHRNA7 gene	C1413406	ASSOCIATED_WITH		Neurobehavioral Manifestations	C0525041
APOE gene	C1412481	ASSOCIATED_WITH		Neurobehavioral Manifestations	C0525041
SNCA gene	C1420276	ASSOCIATED_WITH		Neurobehavioral Manifestations	C0525041
IMPACT gene	C1825598	CAUSES	["31433494_fullText_7"]	Change in diet	C3671772
MYH7 gene	C1417542	ASSOCIATED_WITH		Chest Pain	C0008031
PSAT1 wt Allele	C3810537	ASSOCIATED_WITH	["33840085_fullText_5"]	Lower Urinary Tract Symptoms	C0574785
RYR1 gene	C1419778	ASSOCIATED_WITH		Myalgia	C0231528
PMP22 gene	C1418677	ASSOCIATED_WITH		Paresthesia	C0030554
HMBS gene	C1415597	ASSOCIATED_WITH		Abdominal Pain	C0000737
IL13 gene	C1334103	ASSOCIATED_WITH__INFER__	["34602401_fullText_1"]	Abdominal Pain	C0000737
LAMA1 gene	C1416775	AFFECTS	["34628125_fullText_7"]	Small airways	C1862763
Ir Genes	C0086344	CAUSES	["22431750_fullText_62"]	Decreased mental alertness	C3276433
PLP1 gene	C1418654	ASSOCIATED_WITH		Muscle Spasticity	C0026838
CNR1 gene	C1413554	ASSOCIATED_WITH		Muscle Spasticity	C0026838
SPAST gene	C1539809	ASSOCIATED_WITH		Muscle Spasticity	C0026838
AFG3L2 gene	C1412274	ASSOCIATED_WITH		Muscle Spasticity	C0026838
STXBP1 gene	C1420506	ASSOCIATED_WITH		Muscle Spasticity	C0026838
CHAF1A wt Allele	C3812373	CAUSES	["37865952_fullText_5"]	Renal dysfunction	C3279454
GTF2H5 gene	C1539623	ASSOCIATED_WITH	["32147747_fullText_86"]	Skin Manifestations	C0037285
ERCC3 gene	C1333357	ASSOCIATED_WITH	["32147747_fullText_86"]	Skin Manifestations	C0037285
PLEC gene	C1418643	CAUSES	["21175599_fullText_8"]	Skin Manifestations	C0037285
INS gene	C1337112	ASSOCIATED_WITH		Albuminuria	C0001925
CASP1 gene	C1366479	ASSOCIATED_WITH		Albuminuria	C0001925
LEPR gene	C1366515	ASSOCIATED_WITH		Albuminuria	C0001925
IL6 gene	C1334122	ASSOCIATED_WITH		Albuminuria	C0001925
REN gene	C1419338	ASSOCIATED_WITH		Albuminuria	C0001925
ACE gene	C1413931	ASSOCIATED_WITH		Albuminuria	C0001925
PTGS2 gene	C1367485	ASSOCIATED_WITH		Albuminuria	C0001925
LHB gene	C1416842	AFFECTS	["38017642_fullText_2"]	Drug seeking behavior	C0694536
PARD3 gene	C1423939	ASSOCIATED_WITH		Neural Tube Defects	C0027794
VANGL2 gene	C1423541	ASSOCIATED_WITH		Neural Tube Defects	C0027794
MTHFR gene	C0919427	ASSOCIATED_WITH		Neural Tube Defects	C0027794
HCRTR2 gene	C1415502	DISRUPTS	["37010536_fullText_4"]	At risk for falls	C1268740
Genes, Recessive	C0017361	CAUSES	["6373070_fullText_9"]	Personality Traits	C0233849
COL4A4 gene	C1413585	ASSOCIATED_WITH		Hematuria	C0018965
COL4A5 gene	C1413586	ASSOCIATED_WITH		Hematuria	C0018965
CYP1A1 gene	C0919425	ASSOCIATED_WITH		Hematuria	C0018965
LAT gene	C1425844	PREDISPOSES	["35176108_fullText_6"]	Overweight	C0497406
LEPR gene	C1366515	ASSOCIATED_WITH		Overweight	C0497406
BMP4 gene	C1412805	AUGMENTS	["35565658_fullText_184"]	Traffic	C3840880
INS gene	C1337112	ASSOCIATED_WITH		Hypertriglyceridemia	C0020557
APOB gene	C1412471	ASSOCIATED_WITH		Hypertriglyceridemia	C0020557
AKT1 gene	C0812228	ASSOCIATED_WITH		Hypertriglyceridemia	C0020557
PPARA gene	C1418776	ASSOCIATED_WITH		Hypertriglyceridemia	C0020557
BCHE gene	C1412756	ASSOCIATED_WITH		Hypertriglyceridemia	C0020557
CLASRP gene	C1425051	AFFECTS	["35050903_fullText_16"]	Cachexia	C0006625
TNF gene	C0812246	ASSOCIATED_WITH		Cachexia	C0006625
IL6 gene	C1334122	ASSOCIATED_WITH		Cachexia	C0006625
TNFRSF1A gene	C1363984	ASSOCIATED_WITH		Cachexia	C0006625
ZFP36 gene	C1421571	ASSOCIATED_WITH		Cachexia	C0006625
GDF15 gene	C1335222	ASSOCIATED_WITH		Cachexia	C0006625
IGF1 gene	C1334089	ASSOCIATED_WITH		Cachexia	C0006625
FTCD gene	C1414832	AFFECTS	["34391588_fullText_5"]	TOBACCO LEAF EXPOSURE	C0241411
CNR1 gene	C1413554	CAUSES	["37834323_fullText_7"]	active state	C0679217
XRCC1 gene	C1366475	ASSOCIATED_WITH		Erythema	C0041834
GSAP gene	C2678557	AFFECTS	["37366533_fullText_13"]	Single organ dysfunction	C0349410
GSAP gene	C2678557	CAUSES	["37366533_fullText_11"]	Single organ dysfunction	C0349410
SMPD1 gene	C1420259	AFFECTS	["37246980_fullText_4"]	Long Term Survivorship	C1517940
FAM3A gene	C1422181	ASSOCIATED_WITH	["35838014_fullText_7"]	Rhinorrhea	C1260880
STT3A gene	C1823138	DISRUPTS	["30701557_fullText_6"]	activity level	C0683317
IFNAR1 wt Allele	C1708407	AFFECTS	["35193483_fullText_5"]	activity level	C0683317
CHRNA7 gene	C1413406	ASSOCIATED_WITH		Tobacco Use Disorder	C0040336
BDNF gene	C1332408	ASSOCIATED_WITH		Tobacco Use Disorder	C0040336
DRD2 gene	C1333253	ASSOCIATED_WITH		Tobacco Use Disorder	C0040336
COMT gene	C1135159	ASSOCIATED_WITH		Musculoskeletal Pain	C0026858
ESR1 gene	C1414461	ASSOCIATED_WITH		Musculoskeletal Pain	C0026858
TRPA1 gene	C1412407	ASSOCIATED_WITH		Sneezing	C0037383
PMM2 gene	C1418674	AUGMENTS	["26940433_fullText_67"]	Ability to make coordinated movements	C1319208
PMM2 gene	C1418674	DISRUPTS	["26940433_fullText_29"]	Ability to make coordinated movements	C1319208
FAS gene	C1539477	ASSOCIATED_WITH		Proteinuria	C0033687
AGTR1 gene	C1439284	ASSOCIATED_WITH		Proteinuria	C0033687
LEP gene	C1416825	ASSOCIATED_WITH		Proteinuria	C0033687
CTSB gene	C1332804	ASSOCIATED_WITH		Proteinuria	C0033687
APOE gene	C1412481	ASSOCIATED_WITH		Proteinuria	C0033687
MPV17 gene	C1417247	ASSOCIATED_WITH		Proteinuria	C0033687
COL4A4 gene	C1413585	ASSOCIATED_WITH		Proteinuria	C0033687
PKD1 gene	C1418599	ASSOCIATED_WITH		Proteinuria	C0033687
CYBB gene	C1413844	ASSOCIATED_WITH		Proteinuria	C0033687
PPARA gene	C1418776	ASSOCIATED_WITH		Proteinuria	C0033687
COL4A5 gene	C1413586	ASSOCIATED_WITH		Proteinuria	C0033687
ALOX5AP gene	C1412362	ASSOCIATED_WITH		Proteinuria	C0033687
RHOA gene	C0812234	ASSOCIATED_WITH		Proteinuria	C0033687
IFNG gene	C1334085	ASSOCIATED_WITH		Proteinuria	C0033687
SOD1 gene	C1420306	ASSOCIATED_WITH		Proteinuria	C0033687
CLCN5 gene	C1413454	ASSOCIATED_WITH		Proteinuria	C0033687
WT1 gene	C0694898	ASSOCIATED_WITH		Proteinuria	C0033687
POMC gene	C1337111	ASSOCIATED_WITH		Proteinuria	C0033687
TGFB1 gene	C1366557	ASSOCIATED_WITH		Proteinuria	C0033687
MUC16 gene	C1423594	ASSOCIATED_WITH		Proteinuria	C0033687
REN gene	C1419338	ASSOCIATED_WITH		Proteinuria	C0033687
PLCE1 gene	C1424797	ASSOCIATED_WITH		Proteinuria	C0033687
B2M gene	C1412709	ASSOCIATED_WITH		Proteinuria	C0033687
ACE gene	C1413931	ASSOCIATED_WITH		Proteinuria	C0033687
TLR9 gene	C1423633	ASSOCIATED_WITH		Proteinuria	C0033687
HAVCR1 gene	C1425141	ASSOCIATED_WITH		Proteinuria	C0033687
PTGS2 gene	C1367485	ASSOCIATED_WITH		Proteinuria	C0033687
VEGFA gene	C1823619	ASSOCIATED_WITH		Proteinuria	C0033687
DPP4 gene	C1414141	ASSOCIATED_WITH		Proteinuria	C0033687
SLC12A3 gene	C1420092	ASSOCIATED_WITH		Hypokalemia	C0020621
LEP gene	C1416825	ASSOCIATED_WITH		Polydipsia	C0085602
PLG gene	C1367553	ASSOCIATED_WITH		Thrombocytopenia	C0040034
F10 gene	C1414497	ASSOCIATED_WITH		Thrombocytopenia	C0040034
PROS1 gene	C1418948	ASSOCIATED_WITH		Thrombocytopenia	C0040034
RAP1B gene	C1419266	ASSOCIATED_WITH		Thrombocytopenia	C0040034
ACTN1 gene	C1412165	ASSOCIATED_WITH		Thrombocytopenia	C0040034
TNFRSF10A gene	C1336643	ASSOCIATED_WITH		Thrombocytopenia	C0040034
GP6 gene	C1422611	ASSOCIATED_WITH		Thrombocytopenia	C0040034
ITGA2 gene	C1416484	ASSOCIATED_WITH		Thrombocytopenia	C0040034
IKZF5 gene	C1825591	ASSOCIATED_WITH		Thrombocytopenia	C0040034
FGG gene	C1414607	ASSOCIATED_WITH		Thrombocytopenia	C0040034
MTHFR gene	C0919427	ASSOCIATED_WITH		Thrombocytopenia	C0040034
ADAMTS13 gene	C1413036	ASSOCIATED_WITH		Thrombocytopenia	C0040034
GBA gene	C1414998	ASSOCIATED_WITH		Thrombocytopenia	C0040034
VWF gene	C1336938	ASSOCIATED_WITH		Thrombocytopenia	C0040034
P2RY12 gene	C1425330	ASSOCIATED_WITH		Thrombocytopenia	C0040034
SERPINC1 gene	C1412610	ASSOCIATED_WITH		Thrombocytopenia	C0040034
ACTB gene	C1384510	ASSOCIATED_WITH		Thrombocytopenia	C0040034
ITGB3 gene	C1416498	ASSOCIATED_WITH		Thrombocytopenia	C0040034
CYCS gene	C1426584	ASSOCIATED_WITH		Thrombocytopenia	C0040034
FGA gene	C1414592	ASSOCIATED_WITH		Thrombocytopenia	C0040034
SMAD4 gene	C0694891	ASSOCIATED_WITH		Thrombocytopenia	C0040034
GNE gene	C1428183	ASSOCIATED_WITH		Thrombocytopenia	C0040034
IL1B gene	C1334112	ASSOCIATED_WITH		Thrombocytopenia	C0040034
TPM4 gene	C1420875	ASSOCIATED_WITH		Thrombocytopenia	C0040034
STXBP2 gene	C1420507	ASSOCIATED_WITH		Thrombocytopenia	C0040034
PTPN11 gene	C1335280	ASSOCIATED_WITH		Thrombocytopenia	C0040034
LY96 gene	C1424783	CAUSES	["31735798_fullText_6"]	Delayed gastric emptying	C0740411
LY96 gene	C1424783	CAUSES	["31735798_fullText_6"]	Dyspepsia	C0013395
ELANE gene	C1414369	ASSOCIATED_WITH		Neutrophil count decreased	C0853697
TRPV1 gene	C1421467	ASSOCIATED_WITH		Heartburn	C0018834
TAC1 gene	C1420563	ASSOCIATED_WITH		Craving for alcohol	C0556385
LEP gene	C1416825	ASSOCIATED_WITH		Craving for alcohol	C0556385
AR gene	C1367578	ASSOCIATED_WITH		Craving for alcohol	C0556385
C10orf2 gene	C1418458	ASSOCIATED_WITH		Dysphonia	C1527344
FMR1 gene	C1414649	ASSOCIATED_WITH		Mood instability	C2678248
PIGN gene	C1418568	AFFECTS	["36322149_fullText_7"]	Complete penetrance	C1840470
HRH1 gene	C1439351	AFFECTS	["37567012_fullText_7"]	Microthrombosis	C3686869
ESD gene	C1414459	AFFECTS	["26515653_fullText_56"]	Decreased contractility	C1846086
AQP4 gene	C1412494	ASSOCIATED_WITH		Alcohol intake above recommended sensible limits	C0560219
GDNF gene	C1333669	ASSOCIATED_WITH		Alcohol intake above recommended sensible limits	C0560219
CEL gene	C1413336	CAUSES	["24179176_fullText_45"]	Decreased total protein	C0860901
DMPK gene	C1414085	CAUSES	["24039817_fullText_36"]	Day 6	C3842673
ESD gene	C1414459	CAUSES	["26515653_fullText_62"]	Low Cardiac Output	C0007166
SCN5A gene	C1419864	CAUSES	["31968060_fullText_5"]	Prolonged QT interval	C0151878
TCFL5 gene	C1420648	CAUSES	["37446216_fullText_2","37446216_fullText_4"]	Torpor	C0235193
LY86 gene	C1424584	DISRUPTS	["22827830_fullText_85"]	Decreased muscle function	C0231488
IMPACT gene	C1825598	CAUSES	["37728714_fullText_8"]	Respiratory alteration	C1268764
ALDH2 gene	C1412335	ASSOCIATED_WITH		Flushing	C0016382
GCDH gene	C1415009	AFFECTS	["30512148_fullText_1","25297592_fullText_7"]	GA-1	C3840680
GAA gene	C1414899	CAUSES	["38288553_fullText_1","38288553_abstract_1"]	Glycogen accumulation	C3686832
CNNM2 gene	C1412118	ASSOCIATED_WITH		Hypomagnesemia	C0151723
TRPM6 gene	C1425225	ASSOCIATED_WITH		Hypomagnesemia	C0151723
SLC6A4 gene	C1420214	ASSOCIATED_WITH		Alexithymia	C0002020
FAS gene	C1539477	ASSOCIATED_WITH		Splenomegaly	C0038002
PSEN1 gene	C1418985	ASSOCIATED_WITH		Splenomegaly	C0038002
APOE gene	C1412481	ASSOCIATED_WITH		Splenomegaly	C0038002
KRAS gene	C1537502	ASSOCIATED_WITH		Splenomegaly	C0038002
PEPD gene	C1418462	ASSOCIATED_WITH		Splenomegaly	C0038002
GAA gene	C1414899	CAUSES	["32012848_abstract_1"]	Skeletal muscle weakness	C3806327
MBNL1 gene	C1417055	DISRUPTS	["24293317_fullText_4"]	Skeletal muscle weakness	C3806327
F2 gene	C1414504	ASSOCIATED_WITH		THROMBOPHILIA DUE TO THROMBIN DEFECT	C3160733
ADO gene	C1428110	CAUSES	["39125643_fullText_70"]	Indeterminate result	C0459425
PNPO gene	C1538689	ASSOCIATED_WITH__INFER__	["20370816_fullText_4"]	Grimaces	C0239779
DHTKD1 gene	C1428130	ASSOCIATED_WITH		2-AMINOADIPIC 2-OXOADIPIC ACIDURIA	C1859817
ATXN3 gene	C1538301	CAUSES	["20945165_fullText_70"]	Partial loss	C3845645
DOK7 gene	C1824957	CAUSES	["20147321_fullText_1"]	Partial loss	C3845645
G6PD gene	C1333652	ASSOCIATED_WITH		Neonatal Jaundice	C0022353
NR1I2 gene	C1417826	ASSOCIATED_WITH		Neonatal Jaundice	C0022353
PMM2 gene	C1418674	CAUSES	["32962735_fullText_1"]	N-glycosylation defect	C3553578
PMM2 gene	C1418674	CAUSES	["22838182_fullText_124"]	Impaired N-glycosylation	C3552784
NGLY1 gene	C1425023	CAUSES	["35565658_fullText_202"]	Lack of tear production	C0423154
COG5 gene	C1423002	ASSOCIATED_WITH__INFER__	["24348268_fullText_150"]	Hypermobility, Joint	C0086437
GRHL3 gene	C1842259	ASSOCIATED_WITH		Cleft palate, isolated	C1837218
INSR gene	C1334133	AFFECTS	["24063868_fullText_4"]	Abnormal fat distribution	C3553572
PMM2 gene	C1418674	CAUSES	["22966035_fullText_11"]	Abnormal fat distribution	C3553572
PMM2 gene	C1418674	CAUSES	["11517108_fullText_1"]	Variable features	C2673413
HADH gene	C1415458	ASSOCIATED_WITH		Hyperinsulinemic hypoglycemia	C1864903
PEX12 gene	C1418473	AFFECTS	["10562279_fullText_145"]	metabolic deficiency	C0746554
ATP1A3 gene	C1412630	ASSOCIATED_WITH		Hemiplegia	C0018991
NTRK2 gene	C1334909	ASSOCIATED_WITH		prenatal alcohol exposure	C0678807
VEGFA gene	C1823619	ASSOCIATED_WITH		prenatal alcohol exposure	C0678807
IGF2 gene	C1334091	ASSOCIATED_WITH		prenatal alcohol exposure	C0678807
ACTN1 gene	C1412165	ASSOCIATED_WITH		Macrothrombocytopenia	C2751260
ITGB3 gene	C1416498	ASSOCIATED_WITH		Macrothrombocytopenia	C2751260
DPAGT1 gene	C1414133	CAUSES	["26033833_fullText_2"]	Fetal akinesia	C2748971
ALYREF gene	C1425988	CAUSES	["30388443_fullText_5"]	Structural brain anomalies	C3280971
PEX6 gene	C1418478	CAUSES	["8940266_fullText_7"]	Peroxisome deficiency	C3279400
ALG14 gene	C1823173	AFFECTS	["35327592_fullText_43"]	Carrier of disorder	C0560175
PHEX gene	C1418526	CAUSES	["26319495_fullText_117"]	Plasmalogen deficiency	C1859141
SIX5 gene	C1420076	CAUSES	["15163633_fullText_3"]	Male sterility	C0917731
MGME1 gene	C1424082	ASSOCIATED_WITH		Emaciation	C0013911
MBNL2 gene	C1424516	DISRUPTS	["27805016_fullText_9"]	Atrophic fibers	C1850834
SIX5 gene	C1420076	CAUSES	["27484195_fullText_64"]	Subcapsular opacities	C1866179
MBNL1 gene	C1417055	CAUSES	["27484195_fullText_64"]	Subcapsular opacities	C1866179
PGD gene	C1418504	CAUSES	["10028321_fullText_3"]	Pregnancy, Twin	C0152150
SYT2 gene	C1420557	CAUSES	["32776697_fullText_3"]	Distal motor neuropathy	C1854570
DMD gene	C1414083	ASSOCIATED_WITH		Exercise-induced muscle pain	C1850830
PGAM2 gene	C1418502	ASSOCIATED_WITH		Myoglobinuria	C0027080
MMD gene	C1417198	AUGMENTS	["10768538_fullText_4"]	Gastric pressure	C0429216
MBNL1 gene	C1417055	CAUSES	["31116797_fullText_9"]	Skeletal muscle problem	C0575078
SCN5A gene	C1419864	ASSOCIATED_WITH		Brugada ECG Pattern	C1721096
DMPK gene	C1414085	ASSOCIATED_WITH	["15284213_fullText_4"]	Subfertility, Male	C0848676
SYT2 gene	C1420557	CAUSES	["34037996_fullText_5"]	lamellar bodies	C0806591
MEFV gene	C1417104	ASSOCIATED_WITH		Recurrent fevers	C3714772
LAMB2 gene	C1416781	DISRUPTS	["23723427_fullText_4"]	Proteinuria, severe	C0240817
KCNQ1 gene	C1416612	ASSOCIATED_WITH		hearing impairment	C1384666
WFS1 gene	C1421501	ASSOCIATED_WITH		hearing impairment	C1384666
MYO15A gene	C1417557	ASSOCIATED_WITH		hearing impairment	C1384666
STAT1 gene	C1335872	ASSOCIATED_WITH		hearing impairment	C1384666
USH2A gene	C1421381	ASSOCIATED_WITH		hearing impairment	C1384666
PAX3 gene	C1335192	ASSOCIATED_WITH		hearing impairment	C1384666
KARS gene	C1416540	ASSOCIATED_WITH		hearing impairment	C1384666
TECTA gene	C1420683	ASSOCIATED_WITH		hearing impairment	C1384666
LHFPL5 gene	C1427457	ASSOCIATED_WITH		hearing impairment	C1384666
SLC26A5 gene	C1822756	ASSOCIATED_WITH		hearing impairment	C1384666
APOE gene	C1412481	ASSOCIATED_WITH		hearing impairment	C1384666
PCDH15 gene	C1422830	ASSOCIATED_WITH		hearing impairment	C1384666
CIB2 gene	C1538465	ASSOCIATED_WITH		hearing impairment	C1384666
PDZD7 gene	C1428568	ASSOCIATED_WITH		hearing impairment	C1384666
COL4A5 gene	C1413586	ASSOCIATED_WITH		hearing impairment	C1384666
GATA3 gene	C1414994	ASSOCIATED_WITH		hearing impairment	C1384666
EDNRB gene	C1414263	ASSOCIATED_WITH		hearing impairment	C1384666
SLC26A4 gene	C1418445	ASSOCIATED_WITH		hearing impairment	C1384666
RDX gene	C1419330	ASSOCIATED_WITH		hearing impairment	C1384666
GJB3 gene	C1415078	ASSOCIATED_WITH		hearing impairment	C1384666
KCNQ4 gene	C1416616	ASSOCIATED_WITH		hearing impairment	C1384666
ATP6V1B1 gene	C1412673	ASSOCIATED_WITH		hearing impairment	C1384666
GPSM2 gene	C1428865	ASSOCIATED_WITH		hearing impairment	C1384666
DFNB31 gene	C1424217	ASSOCIATED_WITH		hearing impairment	C1384666
GJB2 gene	C1415077	ASSOCIATED_WITH		hearing impairment	C1384666
DFNB59 gene	C1539285	ASSOCIATED_WITH		hearing impairment	C1384666
USH1C gene	C1421379	ASSOCIATED_WITH		hearing impairment	C1384666
SIX1 gene	C1420072	ASSOCIATED_WITH		hearing impairment	C1384666
MITF gene	C1417172	ASSOCIATED_WITH		hearing impairment	C1384666
COL2A1 gene	C1413580	ASSOCIATED_WITH		hearing impairment	C1384666
MYH14 gene	C1427991	ASSOCIATED_WITH		hearing impairment	C1384666
MYO7A gene	C1417569	ASSOCIATED_WITH		hearing impairment	C1384666
ACTG1 gene	C1412149	ASSOCIATED_WITH		hearing impairment	C1384666
CDH23 gene	C1422171	ASSOCIATED_WITH		hearing impairment	C1384666
TFAM gene	C1420696	CAUSES	["28456629_fullText_19"]	Decreased mtDNA	C3280984
SHH gene	C1335824	DISRUPTS	["35792828_fullText_36"]	Rosette formation	C0035863
NDUFA12 gene	C1826391	CAUSES	["34849584_fullText_313"]	Joint absent	C0574927
MT-ATP6 gene	C1537983	CAUSES	["32366037_fullText_93"]	Episodic paralysis	C1848694
MTFMT gene	C1826321	CAUSES	["30911575_fullText_7"]	Impaired mitochondrial translation	C3554190
VMA21 gene	C2681112	CAUSES	["32145091_fullText_125"]	Lipids abnormal	C0549634
PEX13 gene	C1418474	DISRUPTS	["27827795_fullText_47"]	Honeycomb Pattern	C1335761
POMC gene	C1337111	ASSOCIATED_WITH		Oliguria	C0028961
CLOCK gene	C1413503	AUGMENTS	["26287655_fullText_37"]	Other nursing home	C3845568
GJB2 gene	C1415077	ASSOCIATED_WITH		Hearing loss, progressive sensorineural	C1843156
SCN4A gene	C1419862	ASSOCIATED_WITH		Myotonus (finding)	C0700153
MBNL1 gene	C1417055	ASSOCIATED_WITH		Myotonus (finding)	C0700153
DMPK gene	C1414085	ASSOCIATED_WITH		Myotonus (finding)	C0700153
CLCN1 gene	C1413450	ASSOCIATED_WITH		Myotonus (finding)	C0700153
MECP2 gene	C1417098	ASSOCIATED_WITH		Psychomotor Impairment	C5441816
CNR2 gene	C1413555	ASSOCIATED_WITH		Weight Loss	C1262477
ACE2 gene	C1422064	ASSOCIATED_WITH		Weight Loss	C1262477
INS gene	C1337112	ASSOCIATED_WITH		Weight Loss	C1262477
LEP gene	C1416825	ASSOCIATED_WITH		Weight Loss	C1262477
CRH gene	C1366488	ASSOCIATED_WITH		Weight Loss	C1262477
ADIPOQ gene	C1540187	ASSOCIATED_WITH		Weight Loss	C1262477
CNR1 gene	C1413554	ASSOCIATED_WITH		Weight Loss	C1262477
SNCA gene	C1420276	ASSOCIATED_WITH		Weight Loss	C1262477
LTF gene	C1416933	ASSOCIATED_WITH		Weight Loss	C1262477
ATG5 gene	C1825497	ASSOCIATED_WITH		Weight Loss	C1262477
SOD1 gene	C1420306	ASSOCIATED_WITH		Weight Loss	C1262477
POMC gene	C1337111	ASSOCIATED_WITH		Weight Loss	C1262477
GNRH1 gene	C1415169	ASSOCIATED_WITH		Weight Loss	C1262477
FST gene	C1414830	ASSOCIATED_WITH		Weight Loss	C1262477
HDAC3 gene	C1366355	ASSOCIATED_WITH		Weight Loss	C1262477
COL2A1 gene	C1413580	ASSOCIATED_WITH		Weight Loss	C1262477
NPY gene	C1417815	ASSOCIATED_WITH		Weight Loss	C1262477
TLR4 gene	C1336636	ASSOCIATED_WITH		Weight Loss	C1262477
ACE gene	C1413931	ASSOCIATED_WITH		Weight Loss	C1262477
GH1 gene	C1333673	ASSOCIATED_WITH		Weight Loss	C1262477
GDF15 gene	C1335222	ASSOCIATED_WITH		Hyperemesis Gravidarum	C0020450
NDUFS4 gene	C1417647	AFFECTS	["38732047_fullText_128"]	1 (finding)	C5201140
ALDH7A1 gene	C1412691	CAUSES	["39501195_fullText_2"]	Accumulation	C4055506
ALYREF gene	C1425988	CAUSES	["39320846_fullText_10"]	Accumulation	C4055506
ATXN3 gene	C1538301	CAUSES	["38497605_fullText_76"]	Accumulation	C4055506
NDUFS6 gene	C1417649	CAUSES	["38459834_fullText_115"]	Accumulation	C4055506
SQRDL gene	C1426907	AFFECTS	["38870029_fullText_4","38870029_fullText_97"]	Accumulation	C4055506
PEX13 gene	C1418474	CAUSES	["37962062_fullText_10"]	Intensity and Distress 5	C5203119
ADO gene	C1428110	CAUSES	["39125643_fullText_70"]	Low risk	C5201228
ATXN3 gene	C1538301	CAUSES	["38923784_fullText_13"]	Motility problems	C4693871
MT-ND5 gene	C1537994	AUGMENTS	["39385390_fullText_92"]	Mutation Load	C5555125
NDUFAF2 gene	C1826392	CAUSES	["38949024_fullText_19"]	Abnormal eyelash morphology	C2675111
NDUFS4 gene	C1417647	AUGMENTS	["38177503_fullText_115"]	Leakage	C4281748
