Gene	Gene_id	RELATION	PROVENANCE	Drug	Drug_id
Alleles	C0002085	COEXISTS_WITH	["36128717_fullText_53"]	Lysine	C0024337
GCDH gene	C1415009	INHIBITS	["35157847_fullText_80"]	Lysine	C0024337
SIRT5 gene	C1423065	INHIBITS	["35157847_fullText_71"]	Lysine	C0024337
SIRT5 gene	C1423065	INTERACTS_WITH	["35157847_fullText_4","35157847_fullText_49","35157847_fullText_81","35157847_fullText_82"]	Lysine	C0024337
GCDH gene	C1415009	INTERACTS_WITH	["35157847_fullText_5","27984186_fullText_1","23658800_fullText_15","35157847_fullText_74","35157847_fullText_77","34344405_fullText_1","24498361_fullText_71","33256818_fullText_2","24468193_fullText_9","24468193_fullText_117","23326493_fullText_0","21698251_fullText_2","21431622_fullText_1"]	Lysine	C0024337
GCDH gene	C1415009	STIMULATES	["24594605_fullText_9","31062211_fullText_7"]	Lysine	C0024337
GIT2 wt Allele	C1708123	STIMULATES	["32872442_fullText_140"]	Lysine	C0024337
GCDH gene	C1415009	compared_with	["23218171_fullText_5"]	Lysine	C0024337
PMM2 gene	C1418674	COEXISTS_WITH	["22956764_fullText_113"]	Basis	C1874451
PROSC gene	C1418949	STIMULATES	["30668673_fullText_1"]	Basis	C1874451
DDOST gene	C1413949	CONVERTS_TO	["37848450_fullText_58"]	Basis	C1874451
SLC6A3 wt Allele	C3813713	COEXISTS_WITH	["10855623_fullText_1"]	Dopamine Hydrochloride	C0282151
IMPACT gene	C1825598	INHIBITS	["34582961_fullText_2"]	Dopamine Hydrochloride	C0282151
ATXN2L gene	C1538300	STIMULATES	["35609673_fullText_7"]	Dopamine Hydrochloride	C0282151
IMPACT gene	C1825598	STIMULATES	["35487304_fullText_2"]	Dopamine Hydrochloride	C0282151
TPH1 gene	C1420870	COEXISTS_WITH	["24487571_fullText_2"]	Dopamine	C0013030
TMEM173 gene	C1823437	COEXISTS_WITH	["35320357_fullText_3"]	Dopamine	C0013030
DDC gene	C1413943	CONVERTS_TO	["33734312_fullText_8"]	Dopamine	C0013030
DRD2 gene	C1333253	STIMULATES	["33850083_fullText_4"]	Levodopa	C0023570
CPB2 gene	C1413666	INTERACTS_WITH__INFER__	["34229013_fullText_5"]	Levodopa	C0023570
SLC18A3 gene	C1420116	COEXISTS_WITH	["35264016_fullText_7"]	Calcium	C0006675
SCGB2B3P gene	C3469680	INTERACTS_WITH	["35701163_fullText_1","35701163_fullText_10"]	Calcium	C0006675
MYEF2 gene	C1425192	STIMULATES	["27763639_fullText_97"]	Calcium	C0006675
DMPK gene	C1414085	STIMULATES	["27854224_fullText_260"]	Calcium	C0006675
PMM2 gene	C1418674	STIMULATES	["35955863_fullText_84"]	Calcium	C0006675
Retinoic Acid Response Element	C1514917	COEXISTS_WITH	["21541726_fullText_30"]	Perform	C2947996
SLC5A7 gene	C1422359	STIMULATES	["33250374_fullText_1"]	Choline	C0008405
GCDH gene	C1415009	INTERACTS_WITH	["27984186_fullText_1","35157847_fullText_71","34344405_fullText_1","24498361_fullText_71","33256818_fullText_2","24468193_fullText_9","23326493_fullText_0","21431622_fullText_1"]	Tryptophan	C0041249
GCDH gene	C1415009	STIMULATES	["31062211_fullText_7"]	Tryptophan	C0041249
Transgenes	C0282641	COEXISTS_WITH	["39000316_fullText_17"]	viral vector	C1520007
GCLC wt Allele	C1704697	COEXISTS_WITH	["23247112_fullText_8"]	Fiber	C0225326
INA gene	C1416431	COEXISTS_WITH	["33510259_fullText_5"]	Duration	C2926735
KCNC3 gene	C1416558	INHIBITS	["35510987_fullText_3"]	Duration	C2926735
MBNL1 gene	C1417055	compared_with	["24293317_fullText_12"]	Duration	C2926735
LY6E gene	C1334353	compared_with	["21880333_fullText_1","18028243_fullText_4"]	Duration	C2926735
ATXN3 gene	C1538301	STIMULATES	["32357546_fullText_200"]	Antioxidants	C0003402
CEL gene	C1413336	STIMULATES	["34897546_fullText_4"]	Antioxidants	C0003402
ETFA gene	C1414471	COEXISTS_WITH	["16598811_fullText_5"]	Program	C2728259
HRC gene	C1415718	COEXISTS_WITH	["23180777_fullText_107"]	Program	C2728259
PPARGC1A gene	C1418779	INHIBITS	["36123394_fullText_7"]	Program	C2728259
MBNL1 gene	C1417055	STIMULATES	["25630614_fullText_69"]	Program	C2728259
CELF1 gene	C1413824	STIMULATES	["25630614_fullText_69"]	Program	C2728259
NGLY1 gene	C1425023	STIMULATES	["30135079_fullText_53"]	Program	C2728259
MYOD1 gene	C1417574	STIMULATES	["12427866_fullText_9"]	Program	C2728259
ATXN3 gene	C1538301	INTERACTS_WITH__INFER__	["38909987_fullText_11"]	Program	C2728259
BIN1 gene	C1332412	INHIBITS	["28698297_fullText_33"]	Mediator brand of benfluorex hydrochloride	C0127400
MTCH2 gene	C1425005	INHIBITS	["27390132_fullText_23"]	Mediator brand of benfluorex hydrochloride	C0127400
MTCH1 gene	C1425004	INHIBITS	["27390132_fullText_23"]	Mediator brand of benfluorex hydrochloride	C0127400
SLC13A3 gene	C1422640	INHIBITS	["17356845_fullText_6"]	Mediator brand of benfluorex hydrochloride	C0127400
SLC29A1 gene	C1420171	INHIBITS	["35042768_fullText_8"]	Mediator brand of benfluorex hydrochloride	C0127400
CNR1 gene	C1413554	INTERACTS_WITH	["36858108_fullText_2","36858108_fullText_6"]	Mediator brand of benfluorex hydrochloride	C0127400
MYOG gene	C1417575	STIMULATES	["12427866_fullText_22"]	Mediator brand of benfluorex hydrochloride	C0127400
PRRT2 wt Allele	C3539645	STIMULATES	["25633985_fullText_71"]	Mediator brand of benfluorex hydrochloride	C0127400
TP53 gene	C0079419	STIMULATES	["25633985_fullText_71"]	Mediator brand of benfluorex hydrochloride	C0127400
UBQLN2 gene	C1421305	STIMULATES	["32681165_fullText_8"]	Mediator brand of benfluorex hydrochloride	C0127400
MBNL2 gene	C1424516	INHIBITS	["21303839_fullText_23"]	Level	C2946261
MBNL1 gene	C1417055	INHIBITS	["35483041_fullText_5"]	Level	C2946261
USP19 gene	C1421396	STIMULATES	["35449354_fullText_9"]	Level	C2946261
NGLY1 gene	C1425023	STIMULATES	["35653343_fullText_16"]	Level	C2946261
P2RY12 gene	C1425330	STIMULATES	["37589138_fullText_4"]	Level	C2946261
SLC1A2 gene	C1420120	STIMULATES	["33723767_fullText_6"]	Level	C2946261
NPPA gene	C1417807	STIMULATES	["36997170_fullText_8"]	Level	C2946261
ULK1 gene	C1421350	COEXISTS_WITH	["38443995_fullText_8"]	animal allergen extracts	C3540698
DPF2 gene	C1419344	COEXISTS_WITH	["10662702_fullText_3"]	animal allergen extracts	C3540698
MBNL1 gene	C1417055	COEXISTS_WITH	["26501102_fullText_29","26501102_fullText_139"]	animal allergen extracts	C3540698
MBNL3 gene	C1427004	COEXISTS_WITH	["26501102_fullText_29","26501102_fullText_139"]	animal allergen extracts	C3540698
NES gene	C1417679	COEXISTS_WITH	["21698251_fullText_18"]	animal allergen extracts	C3540698
IMPACT gene	C1825598	COEXISTS_WITH	["37770252_fullText_115"]	animal allergen extracts	C3540698
PPARGC1A gene	C1418779	COEXISTS_WITH	["28367954_fullText_58"]	animal allergen extracts	C3540698
NDUFS4 gene	C1417647	COEXISTS_WITH	["37770252_fullText_87","34849584_fullText_200"]	animal allergen extracts	C3540698
ATXN3 gene	C1538301	COEXISTS_WITH	["20945165_fullText_66"]	animal allergen extracts	C3540698
CLCN1 gene	C1413450	COEXISTS_WITH	["30628727_fullText_13","26501102_fullText_148"]	animal allergen extracts	C3540698
GCDH gene	C1415009	COEXISTS_WITH	["23201428_fullText_2","22445450_fullText_3"]	animal allergen extracts	C3540698
ELANE gene	C1414369	COEXISTS_WITH	["34204780_fullText_6"]	animal allergen extracts	C3540698
SIRT1 gene	C1423062	COEXISTS_WITH	["35710260_fullText_7"]	animal allergen extracts	C3540698
DST gene	C1539312	COEXISTS_WITH	["36758510_fullText_1"]	animal allergen extracts	C3540698
HCRT gene	C1415500	COEXISTS_WITH	["36148653_fullText_5"]	animal allergen extracts	C3540698
FOXM1 wt Allele	C3538717	COEXISTS_WITH	["34990705_fullText_5"]	animal allergen extracts	C3540698
GCDH gene	C1415009	INHIBITS	["24594605_fullText_77"]	animal allergen extracts	C3540698
CNR1 gene	C1413554	INHIBITS	["37348821_fullText_6"]	animal allergen extracts	C3540698
NGLY1 gene	C1425023	STIMULATES	["35406718_fullText_116"]	animal allergen extracts	C3540698
NLRP1 wt Allele	C3538756	STIMULATES	["34419513_fullText_4"]	animal allergen extracts	C3540698
NDUFS4 gene	C1417647	compared_with	["38732047_fullText_72"]	animal allergen extracts	C3540698
MBNL3 gene	C1427004	compared_with	["26501102_fullText_138","27484195_fullText_18"]	animal allergen extracts	C3540698
GCDH gene	C1415009	compared_with	["29779173_fullText_5","22999741_fullText_3","24594605_fullText_77"]	animal allergen extracts	C3540698
RTN4 gene	C1366527	compared_with	["34638567_fullText_6"]	animal allergen extracts	C3540698
CAPN2 gene	C1413112	INHIBITS	["35163312_fullText_10"]	calpastatin	C0054534
IKBKG wt Allele	C2697645	COEXISTS_WITH	["33809893_fullText_6"]	8-chloro-cyclic adenosine monophosphate	C0050063
CNR1 gene	C1413554	INHIBITS	["35041297_fullText_3"]	8-chloro-cyclic adenosine monophosphate	C0050063
Alleles	C0002085	compared_with	["11343809_fullText_5"]	Cytosine	C0010843
NLRP1 wt Allele	C3538756	INTERACTS_WITH	["36802012_fullText_1","36802012_fullText_9"]	Ethanol	C0001962
TSPO gene	C1823521	STIMULATES	["23637619_fullText_69"]	Ethanol	C0001962
IMPACT gene	C1825598	COEXISTS_WITH	["34385360_fullText_5"]	Calcium ion	C0596235
IMPACT gene	C1825598	STIMULATES	["37334837_fullText_3"]	Calcium ion	C0596235
FOXM1 wt Allele	C3538717	STIMULATES	["37572634_fullText_8"]	Calcium ion	C0596235
PEX2 gene	C1419149	COEXISTS_WITH	["21826223_fullText_63"]	Lipids	C0023779
PEX10 gene	C1418470	COEXISTS_WITH	["21826223_fullText_63"]	Lipids	C0023779
FAAH gene	C1414512	COEXISTS_WITH	["28448548_fullText_9"]	Lipids	C0023779
SLC25A46 gene	C1822755	INTERACTS_WITH	["27390132_fullText_44","27390132_fullText_231"]	Lipids	C0023779
SCGB2B3P gene	C3469680	INTERACTS_WITH	["35701163_fullText_1","35701163_fullText_10"]	Lipids	C0023779
SLC25A46 gene	C1822755	STIMULATES	["27390132_fullText_8"]	Lipids	C0023779
CHAF1A wt Allele	C3812373	STIMULATES	["35011001_fullText_5"]	Malondialdehyde	C0024643
TMEM258 gene	C3540116	COEXISTS_WITH	["37848450_fullText_43"]	3,4-Methylenedioxyamphetamine	C0000379
DAD1 gene	C1413900	COEXISTS_WITH	["37848450_fullText_43"]	3,4-Methylenedioxyamphetamine	C0000379
PSMD1 gene	C1419027	COEXISTS_WITH	["37848450_fullText_43"]	3,4-Methylenedioxyamphetamine	C0000379
OST4 gene	C2829972	COEXISTS_WITH	["37848450_fullText_43"]	3,4-Methylenedioxyamphetamine	C0000379
SLC33A1 gene	C1412113	COEXISTS_WITH	["35186114_fullText_3"]	3,4-Methylenedioxyamphetamine	C0000379
PRB1 gene	C1418866	STIMULATES	["37460029_fullText_6"]	3,4-Methylenedioxyamphetamine	C0000379
SIRT1 gene	C1423062	COEXISTS_WITH	["34416891_fullText_4"]	Valproate	C0080356
SIRT1 gene	C1423062	COEXISTS_WITH	["35710260_fullText_7"]	resveratrol	C0073096
MBNL1 gene	C1417055	COEXISTS_WITH	["33157036_fullText_5"]	Small Molecule	C1328819
VCP gene	C1421437	COEXISTS_WITH	["39320846_fullText_2"]	Candida albicans extract	C0717551
COX10 gene	C1413629	COEXISTS_WITH	["39152498_fullText_4"]	Candida albicans extract	C0717551
PEX10 gene	C1418470	COEXISTS_WITH	["21826223_fullText_67"]	Candida albicans extract	C0717551
PEX3 gene	C1418477	COEXISTS_WITH	["10871277_fullText_84","34884833_fullText_21","27827795_fullText_38"]	Candida albicans extract	C0717551
PEX16 gene	C1418476	COEXISTS_WITH	["21826223_fullText_59"]	Candida albicans extract	C0717551
PEX2 gene	C1419149	COEXISTS_WITH	["21826223_fullText_67"]	Candida albicans extract	C0717551
PEX12 gene	C1418473	COEXISTS_WITH	["10562279_fullText_101","21826223_fullText_67"]	Candida albicans extract	C0717551
PMM2 gene	C1418674	COEXISTS_WITH	["31636082_fullText_16","30530630_fullText_0"]	Candida albicans extract	C0717551
Genes, Essential	C0600449	COEXISTS_WITH	["27343064_fullText_170"]	Candida albicans extract	C0717551
TMEM199 gene	C1425293	COEXISTS_WITH	["32629928_fullText_79"]	Candida albicans extract	C0717551
SRD5A3 gene	C2240046	COEXISTS_WITH	["21384228_fullText_131"]	Candida albicans extract	C0717551
PGM1 gene	C1418516	COEXISTS_WITH	["37644541_fullText_38"]	Candida albicans extract	C0717551
Alleles	C0002085	COEXISTS_WITH	["30530630_fullText_1","39152498_fullText_8","39152498_fullText_27"]	Candida albicans extract	C0717551
CCDC115 gene	C1824644	COEXISTS_WITH	["32629928_fullText_79"]	Candida albicans extract	C0717551
SURF1 gene	C1420527	COEXISTS_WITH	["25164807_fullText_92"]	Candida albicans extract	C0717551
MFN2 gene	C1424611	COEXISTS_WITH	["27390132_fullText_22"]	Candida albicans extract	C0717551
Homologous Gene	C1334043	COEXISTS_WITH	["11673586_fullText_4","27390132_fullText_4"]	Candida albicans extract	C0717551
LPAR3 wt Allele	C3812695	COEXISTS_WITH	["34085262_fullText_1"]	Candida albicans extract	C0717551
DOLK gene	C1428074	STIMULATES	["21384228_fullText_86"]	Candida albicans extract	C0717551
Alleles	C0002085	PRODUCES	["39152498_fullText_10"]	Candida albicans extract	C0717551
PMM2 gene	C1418674	PRODUCES	["30530630_fullText_78"]	Candida albicans extract	C0717551
Retinoic Acid Response Element	C1514917	COEXISTS_WITH	["15210527_fullText_3"]	other medicated shampoos in ATC	C3539125
MBNL1 gene	C1417055	compared_with	["28582438_fullText_149"]	other medicated shampoos in ATC	C3539125
CNGB1 gene	C1413546	compared_with	["34943782_fullText_243"]	other medicated shampoos in ATC	C3539125
GOLPH3 gene	C1423498	compared_with	["34943782_fullText_246"]	other medicated shampoos in ATC	C3539125
C7orf49 gene	C1824234	compared_with	["26755488_fullText_4"]	other medicated shampoos in ATC	C3539125
CNGB1 gene	C1413546	higher_than	["34943782_fullText_243"]	other medicated shampoos in ATC	C3539125
GOLPH3 gene	C1423498	higher_than	["34943782_fullText_246"]	other medicated shampoos in ATC	C3539125
C7orf49 gene	C1824234	higher_than	["26755488_fullText_4"]	other medicated shampoos in ATC	C3539125
LAMA1 gene	C1416775	COEXISTS_WITH	["35621331_fullText_2"]	Agonist	C2987634
MDFIC gene	C1537673	COEXISTS_WITH	["35129730_fullText_7"]	Agonist	C2987634
Wild Type	C1883559	INTERACTS_WITH	["35700837_fullText_1","33710641_fullText_4"]	Agonist	C2987634
PDP1 gene	C1418818	INTERACTS_WITH__INFER__	["35279606_fullText_1"]	Agonist	C2987634
PEX1 gene	C1418469	INHIBITS	["32368833_fullText_12"]	Cholesterol	C0008377
RAB3IP gene	C1424340	INHIBITS	["32368833_fullText_63"]	Cholesterol	C0008377
SMO gene	C1364142	INTERACTS_WITH	["32368833_fullText_22","32368833_fullText_84"]	Cholesterol	C0008377
OSBPL3 gene	C1424223	INTERACTS_WITH	["32368833_fullText_51","32368833_fullText_52","32368833_fullText_54"]	Cholesterol	C0008377
NPC1 gene	C1417776	STIMULATES	["37423302_fullText_1"]	Cholesterol	C0008377
SREBF1 gene	C1420398	PRODUCES	["32145091_fullText_165"]	Cholesterol	C0008377
PDSS1 gene	C1843919	PRODUCES	["25270028_fullText_10"]	Cholesterol	C0008377
SLC19A3 gene	C1424138	COEXISTS_WITH	["36093993_fullText_139"]	Threonine	C0040005
ANLN gene	C1422396	CONVERTS_TO	["33769699_fullText_7"]	Esters	C0014898
LacZ Genes	C0022959	INTERACTS_WITH__SPEC__	["18270582_fullText_54"]	Suppressor	C2954564
PSEN1 gene	C1418985	CONVERTS_TO	["35851379_fullText_3"]	Citalopram	C0008845
SIX5 gene	C1420076	INHIBITS	["31853004_fullText_3"]	One-Step dentin bonding system	C0534010
MBNL1 gene	C1417055	INHIBITS	["31853004_fullText_3"]	One-Step dentin bonding system	C0534010
ALG1 gene	C1425428	COEXISTS_WITH	["33080352_fullText_3"]	Phosphoric Acid Esters	C0031701
PMM2 gene	C1418674	STIMULATES	["26488408_fullText_129"]	Phosphoric Acid Esters	C0031701
OPN1MW gene	C1415024	STIMULATES	["39231983_fullText_137"]	Oxygen	C0030054
IGKV1D-37 gene	C1416199	compared_with	["19433512_fullText_75"]	Oxygen	C0030054
AGRP gene	C1412286	COEXISTS_WITH	["34569272_fullText_3"]	Carbohydrates	C0007004
PMM2 gene	C1418674	INHIBITS	["31115488_fullText_2"]	Carbohydrates	C0007004
DSG1 gene	C1414168	COEXISTS_WITH	["28129118_fullText_314"]	PHOSPHATE BUFFERS	C0991865
DHDDS gene	C1427027	COEXISTS_WITH	["27343064_fullText_71"]	tetanus toxoid helper peptide	C1515333
C7orf49 gene	C1824234	COEXISTS_WITH	["7912392_fullText_6"]	Water	C0043047
ARHGEF2 wt Allele	C3539611	COEXISTS_WITH	["23807294_fullText_43"]	Water	C0043047
PMM1 gene	C1418673	COEXISTS_WITH	["29261720_fullText_62"]	Water	C0043047
CCL14 wt Allele	C1705070	COEXISTS_WITH	["31479473_fullText_70"]	Water	C0043047
FATE1 gene	C1539479	COEXISTS_WITH	["34272823_fullText_2"]	Water	C0043047
NPS gene	C1836075	COEXISTS_WITH	["34457112_fullText_5"]	Water	C0043047
Wild Type	C1883559	INHIBITS	["27761676_fullText_3"]	Amino Acids	C0002520
ECHS1 gene	C1414247	INTERACTS_WITH	["25125611_fullText_3","30029642_fullText_61"]	Amino Acids	C0002520
LGALS4 gene	C1416832	STIMULATES	["38900277_fullText_48"]	Amino Acids	C0002520
GCDH gene	C1415009	PRODUCES	["35157847_fullText_41"]	Amino Acids	C0002520
hla gene	C0599797	COEXISTS_WITH	["33973477_fullText_5"]	Selective Serotonin Reuptake Inhibitors	C0360105
IMPACT gene	C1825598	INTERACTS_WITH	["37098165_fullText_3","37129177_fullText_9"]	Selective Serotonin Reuptake Inhibitors	C0360105
CYP2D6 gene	C1332830	INTERACTS_WITH__SPEC__	["35879764_fullText_3"]	Selective Serotonin Reuptake Inhibitors	C0360105
CYP2C19 gene	C1332828	INTERACTS_WITH__SPEC__	["35879764_fullText_3"]	Selective Serotonin Reuptake Inhibitors	C0360105
CERS3 gene	C3469889	INHIBITS	["32147747_fullText_36"]	Ceramides	C0007745
NDUFS4 gene	C1417647	COEXISTS_WITH	["38177503_fullText_159"]	Buffers	C0006353
MBNL1 gene	C1417055	COEXISTS_WITH	["25303993_fullText_20","21768123_fullText_29"]	Buffers	C0006353
ABCD1 gene	C1412084	COEXISTS_WITH	["28281558_fullText_125"]	Buffers	C0006353
GTF2I gene	C1415347	COEXISTS_WITH	["27053713_fullText_108"]	Buffers	C0006353
ELF4 gene	C1414377	COEXISTS_WITH	["33315951_fullText_157"]	Buffers	C0006353
PITX3 gene	C1418597	COEXISTS_WITH	["27053713_fullText_148"]	Buffers	C0006353
GRN gene	C1415311	COEXISTS_WITH	["25135935_fullText_31"]	Buffers	C0006353
TSPO gene	C1823521	COEXISTS_WITH	["35157847_fullText_130","35603178_fullText_39","34884833_fullText_131","20174632_fullText_39","28582438_fullText_197"]	Buffers	C0006353
SSBP1 gene	C1420424	COEXISTS_WITH	["31479473_fullText_85"]	Buffers	C0006353
SLC25A46 gene	C1822755	COEXISTS_WITH	["27390132_fullText_136"]	Buffers	C0006353
LONP1 gene	C1825868	COEXISTS_WITH	["29518248_fullText_180","29518248_fullText_196"]	Buffers	C0006353
TFAM gene	C1420696	COEXISTS_WITH	["29518248_fullText_196"]	Buffers	C0006353
TLX2 gene	C1415651	INHIBITS	["34668117_fullText_3"]	Ryanodine	C0035983
SLC6A4 gene	C1420214	INTERACTS_WITH	["36555276_fullText_5","37792512_fullText_1"]	Serotonin	C0036751
KMO gene	C1416688	STIMULATES	["35319073_fullText_8"]	Serotonin	C0036751
KYNU GENE	C1416768	STIMULATES	["35319073_fullText_8"]	Serotonin	C0036751
IDO1 gene	C1416433	STIMULATES	["35319073_fullText_8"]	Serotonin	C0036751
ERICH3 gene	C1823787	compared_with	["35878676_fullText_5"]	Serotonin	C0036751
SQSTM1 gene	C1420393	COEXISTS_WITH	["27165717_fullText_59"]	Chloroquine	C0008269
MIR137 gene	C1537790	STIMULATES	["37783412_fullText_2"]	Endocannabinoids	C1172779
MGLL gene	C1442515	STIMULATES	["37783412_fullText_9"]	Endocannabinoids	C1172779
NFU1 gene	C1826399	COEXISTS_WITH	["24341803_fullText_40"]	Glycine	C0017890
LAMA1 gene	C1416775	COEXISTS_WITH	["33865004_fullText_4"]	Glycine	C0017890
LIAS gene	C1424272	STIMULATES	["24341803_fullText_51"]	Glycine	C0017890
NLRP1 wt Allele	C3538756	STIMULATES	["34762352_fullText_2"]	Acetylcholine	C0001041
BRD1 gene	C1412820	COEXISTS_WITH	["35447219_fullText_5"]	aripiprazole	C0299792
PEX2 gene	C1419149	COEXISTS_WITH	["20828389_fullText_93"]	Valproic Acid	C0042291
RAB3D gene	C1419208	compared_with	["36534654_fullText_2"]	Pharmacologic Substance	C1254351
P2RY11 gene	C1418218	INHIBITS	["34064383_fullText_5"]	factor A	C0960756
MPV17 gene	C1417247	STIMULATES	["37446007_fullText_1"]	Adenosine	C0001443
NT5E gene	C1417861	PRODUCES	["34575993_fullText_2","34224862_fullText_1"]	Adenosine	C0001443
MBNL1 gene	C1417055	COEXISTS_WITH	["25303993_fullText_23"]	Sodium Chloride	C0037494
PEX19 gene	C1419147	COEXISTS_WITH	["28281558_fullText_118"]	Sodium Chloride	C0037494
ATXN3 gene	C1538301	COEXISTS_WITH	["33477953_fullText_126"]	Sodium Chloride	C0037494
MIR155 gene	C1537811	INHIBITS	["33877664_fullText_4"]	Glutamic Acid	C0061472
STS gene	C1420490	compared_with	["36113188_fullText_8"]	Glutamic Acid	C0061472
MALAT1 gene	C1537647	compared_with	["33877664_fullText_4"]	Glutamic Acid	C0061472
SPDEF wt Allele	C3540602	INHIBITS	["35348947_fullText_3"]	Sulfhydryl Compounds	C0038734
RAP2C gene	C1427380	COEXISTS_WITH	["34046891_fullText_5"]	agonists	C0243192
CNR2 gene	C1413555	CONVERTS_TO	["34676751_fullText_4"]	agonists	C0243192
CNR1 gene	C1413554	CONVERTS_TO	["34676751_fullText_4"]	agonists	C0243192
MBNL1 gene	C1417055	COEXISTS_WITH	["24293317_fullText_15"]	CALCIUM HOMEOSTASIS	C3653518
NDUFS4 gene	C1417647	STIMULATES	["34849584_fullText_62"]	CALCIUM HOMEOSTASIS	C3653518
MT-ATP6 gene	C1537983	CONVERTS_TO	["33771987_fullText_2"]	CALCIUM HOMEOSTASIS	C3653518
KCNJ11 gene	C1416578	STIMULATES	["35308014_fullText_179"]	Insulin	C0021641
ABCC8 gene	C1412082	STIMULATES	["35308014_fullText_179"]	Insulin	C0021641
MAGT1 gene	C2239666	STIMULATES	["25135935_fullText_91"]	Dithiothreitol	C0012789
NDUFS4 gene	C1417647	COEXISTS_WITH	["30429455_fullText_0"]	Air	C3536832
NDUFS4 gene	C1417647	INHIBITS	["37770252_fullText_5"]	Air	C3536832
NDUFS4 gene	C1417647	compared_with	["37770252_fullText_68","37770252_fullText_81"]	Air	C3536832
SPDEF wt Allele	C3540602	INHIBITS	["35348947_fullText_3"]	Superoxide Dismutase	C0038838
NGLY1 gene	C1425023	COEXISTS_WITH	["36102038_fullText_36"]	Glucose	C0017725
PMM2 gene	C1418674	COEXISTS_WITH	["22956764_fullText_53","22956764_fullText_107"]	Glucose	C0017725
CTF1 gene	C1332801	COEXISTS_WITH	["30429455_fullText_12"]	Glucose	C0017725
ATXN3 gene	C1538301	COEXISTS_WITH	["33477953_fullText_126"]	Glucose	C0017725
NDUFS8 gene	C1417651	COEXISTS_WITH	["30429455_fullText_4"]	Glucose	C0017725
C7orf49 gene	C1824234	STIMULATES	["36773683_fullText_4"]	Glucose	C0017725
MGLL gene	C1442515	compared_with	["36780817_fullText_11"]	Morphine	C0026549
SRGN gene	C1418888	COEXISTS_WITH	["36422805_fullText_3"]	Diazepam	C0012010
NDUFS4 gene	C1417647	INHIBITS	["34849584_fullText_175","28916769_fullText_4"]	Lactate	C0376261
SURF1 gene	C1420527	INHIBITS	["36795052_fullText_3"]	Lactate	C0376261
NDUFS4 gene	C1417647	STIMULATES	["34849584_fullText_58"]	Lactate	C0376261
MTCP1 gene	C1334535	STIMULATES	["31996177_fullText_41"]	Lactate	C0376261
PDHA1 gene	C1418437	PRODUCES	["31996241_fullText_100"]	Lactate	C0376261
FATE1 gene	C1539479	PRODUCES	["34638685_fullText_114"]	Lactate	C0376261
SURF1 gene	C1420527	PRODUCES	["33771987_fullText_147"]	Lactate	C0376261
PGM2 gene	C1418517	COEXISTS_WITH	["31077402_fullText_8"]	Glycogen	C0017911
Myotonic dystrophy gene	C1508293	compared_with	["8519769_fullText_3"]	polyacrylamide gels	C0071500
Myotonic dystrophy gene	C1508293	higher_than	["8519769_fullText_3"]	polyacrylamide gels	C0071500
SLC6A3 wt Allele	C3813713	compared_with	["37406364_fullText_6"]	Serotonin Uptake Inhibitors	C0162758
GTF2H1 gene	C1333723	COEXISTS_WITH	["27827795_fullText_72"]	Gelatin	C0017237
TSPO gene	C1823521	COEXISTS_WITH	["29789616_fullText_225"]	Dimethyl Sulfoxide	C0012403
CASC3 gene	C1424704	COEXISTS_WITH	["35653343_fullText_168"]	Dimethyl Sulfoxide	C0012403
CASC3 gene	C1424704	compared_with	["35653343_fullText_105"]	Dimethyl Sulfoxide	C0012403
CASC3 gene	C1424704	higher_than	["35653343_fullText_105"]	Dimethyl Sulfoxide	C0012403
SLC29A1 gene	C1420171	INHIBITS	["35042768_fullText_3","35042768_fullText_12"]	TONICS	C3543842
GRIN2B gene	C1415300	INHIBITS	["34758303_fullText_3"]	TONICS	C3543842
GRIN2A gene	C1415299	INHIBITS	["34758303_fullText_3"]	TONICS	C3543842
GRIN2B gene	C1415300	STIMULATES	["34758303_fullText_5"]	TONICS	C3543842
GRIN2A gene	C1415299	STIMULATES	["34758303_fullText_5"]	TONICS	C3543842
IMPACT gene	C1825598	STIMULATES	["34694388_fullText_6"]	Hypnotics	C0020591
JMJD6 gene	C1426187	INHIBITS	["8828616_fullText_9"]	Tyrosine	C0041485
Wild Type	C1883559	PRODUCES	["12733906_fullText_3"]	Tyrosine	C0041485
CTF1 gene	C1332801	STIMULATES	["30429455_fullText_21"]	Pyruvate	C0244104
PDK1 wt Allele	C3541424	compared_with	["30995105_fullText_4"]	Pyruvate	C0244104
LIN7A gene	C1425075	COEXISTS_WITH	["35914533_fullText_1"]	Biogenic Amines	C0005496
MUT gene	C1417504	STIMULATES	["33771987_fullText_72"]	Folate	C0178638
NLRP1 wt Allele	C3538756	compared_with	["34887597_fullText_3"]	Folate	C0178638
PMM2 gene	C1418674	COEXISTS_WITH	["26488408_fullText_68"]	Urea	C0041942
NDUFA2 gene	C1417622	COEXISTS_WITH	["38177503_fullText_24"]	NADH	C0027289
NDUFV3 gene	C1417655	COEXISTS_WITH	["38177503_fullText_24"]	NADH	C0027289
NDUFS1 gene	C1417644	COEXISTS_WITH	["38177503_fullText_24"]	NADH	C0027289
NDUFV2 gene	C1417653	COEXISTS_WITH	["38177503_fullText_24"]	NADH	C0027289
FOXRED1 gene	C1825311	COEXISTS_WITH	["26235939_fullText_1"]	NADH	C0027289
NDUFS4 gene	C1417647	INHIBITS	["38177503_fullText_148"]	NADH	C0027289
NDUFS4 gene	C1417647	STIMULATES	["34849584_fullText_62"]	NADH	C0027289
CTF1 gene	C1332801	COEXISTS_WITH	["30429455_fullText_12"]	Galactose	C0016945
SLC39A8 gene	C1427169	COEXISTS_WITH	["34246313_fullText_3"]	Galactose	C0016945
GLC1P gene	C3147379	STIMULATES	["32188137_fullText_89"]	Galactose	C0016945
MCU gene	C1824637	COEXISTS_WITH	["34415186_fullText_4"]	Mitomycin	C0002475
HIBCH gene	C1415543	COEXISTS_WITH	["32677093_fullText_14","25125611_fullText_3"]	Valine	C0042285
ECHS1 gene	C1414247	COEXISTS_WITH	["32677093_fullText_14"]	Valine	C0042285
ECHS1 gene	C1414247	INTERACTS_WITH	["32677908_fullText_124","30029642_fullText_63"]	Valine	C0042285
ANLN gene	C1422396	compared_with	["33769699_fullText_7"]	Valine	C0042285
ANLN gene	C1422396	higher_than	["33769699_fullText_7"]	Valine	C0042285
NDUFS4 gene	C1417647	COEXISTS_WITH	["38177503_fullText_154"]	Ubiquinone	C0041536
PDCD6 gene	C1418406	COEXISTS_WITH	["38733638_fullText_7"]	Polysaccharides	C0032594
TMEM199 gene	C1425293	COEXISTS_WITH	["32145091_fullText_71"]	Polysaccharides	C0032594
CCDC115 gene	C1824644	COEXISTS_WITH	["32145091_fullText_71"]	Polysaccharides	C0032594
DDOST gene	C1413949	COEXISTS_WITH	["29497882_fullText_23"]	Polysaccharides	C0032594
MPI gene	C1417244	COEXISTS_WITH	["35279850_fullText_43"]	Polysaccharides	C0032594
PMM2 gene	C1418674	COEXISTS_WITH	["22838182_fullText_43","35279850_fullText_43"]	Polysaccharides	C0032594
MAN2B2 gene	C1428881	INHIBITS	["38622837_fullText_7"]	Polysaccharides	C0032594
GORAB gene	C1822658	INHIBITS	["32629928_fullText_133"]	Polysaccharides	C0032594
ELF4 gene	C1414377	INHIBITS	["21737679_fullText_142"]	Polysaccharides	C0032594
PMM2 gene	C1418674	INHIBITS	["35279850_fullText_100","22956764_fullText_132"]	Polysaccharides	C0032594
PMM2 gene	C1418674	INTERACTS_WITH	["24831587_fullText_5","17307006_fullText_1","29497882_fullText_23"]	Polysaccharides	C0032594
NGLY1 gene	C1425023	INTERACTS_WITH	["36102038_fullText_3","35406718_fullText_1","35565658_fullText_89","35565658_fullText_90"]	Polysaccharides	C0032594
PMM2 gene	C1418674	STIMULATES	["22956764_fullText_123"]	Polysaccharides	C0032594
DDOST gene	C1413949	STIMULATES	["36214423_fullText_7"]	Polysaccharides	C0032594
PMM2 gene	C1418674	PRODUCES	["26940433_fullText_75"]	Polysaccharides	C0032594
EAF2 gene	C1427926	PRODUCES	["33076454_fullText_21"]	Polysaccharides	C0032594
NGLY1 gene	C1425023	PRODUCES	["35565658_fullText_136"]	Polysaccharides	C0032594
LEMD3 gene	C1537562	PRODUCES	["35565658_fullText_124"]	Polysaccharides	C0032594
TMEM199 gene	C1425293	PRODUCES	["32915358_fullText_3"]	Polysaccharides	C0032594
NDUFS4 gene	C1417647	COEXISTS_WITH	["34849584_fullText_178"]	acylcarnitine	C0368608
GCDH gene	C1415009	STIMULATES	["36221165_fullText_1"]	acylcarnitine	C0368608
SIRT2 gene	C1420071	COEXISTS_WITH	["37012886_fullText_10"]	Nicotinamide adenine dinucleotide (NAD)	C0027270
NDUFS4 gene	C1417647	INHIBITS	["30520688_fullText_122"]	Nicotinamide adenine dinucleotide (NAD)	C0027270
NAMPT gene	C1428933	STIMULATES	["34849584_fullText_238"]	Nicotinamide adenine dinucleotide (NAD)	C0027270
NDUFA9 gene	C1417630	STIMULATES	["32969598_fullText_60"]	Doxycycline	C0013090
NDUFC2 gene	C1417643	STIMULATES	["32969598_fullText_61"]	Doxycycline	C0013090
NDUFV1 gene	C1417652	STIMULATES	["32969598_fullText_60"]	Doxycycline	C0013090
NDUFB8 gene	C1417640	STIMULATES	["32969598_fullText_60"]	Doxycycline	C0013090
HIBCH gene	C1415543	INTERACTS_WITH__INFER__	["27977873_fullText_76"]	Acetylcysteine	C0001047
SLC19A3 gene	C1424138	INTERACTS_WITH__INFER__	["27977873_fullText_76"]	Acetylcysteine	C0001047
NAGS gene	C1540311	INHIBITS	["37847851_fullText_48"]	Arginine	C0003765
GIT2 wt Allele	C1708123	STIMULATES	["32872442_fullText_140"]	Arginine	C0003765
ECHS1 gene	C1414247	INTERACTS_WITH	["33139125_fullText_1","26081110_fullText_4","25125611_fullText_3","32677908_fullText_124","30029642_fullText_61","35206276_fullText_3"]	Fatty Acids	C0015684
SLC19A3 gene	C1424138	INTERACTS_WITH	["37642897_fullText_3","37642897_fullText_7"]	Thiamine	C0039840
SLC19A3 gene	C1424138	STIMULATES	["36093993_fullText_179"]	Thiamine	C0039840
SLC25A19 gene	C1422628	STIMULATES	["36093993_fullText_179"]	Thiamine	C0039840
SRPR gene	C1420414	COEXISTS_WITH	["26824698_fullText_79"]	Digitonin	C0012256
SLC19A3 gene	C1424138	INTERACTS_WITH__INFER__	["34308912_fullText_42"]	Biotin	C0005575
CEL gene	C1413336	PRODUCES	["27502960_fullText_30"]	Succinates	C0038617
TSC22D3 wt Allele	C3539618	INTERACTS_WITH__INFER__	["36584558_fullText_5"]	Flunarizine	C0016295
ECHS1 gene	C1414247	INTERACTS_WITH__INFER__	["26163321_fullText_7"]	Carnitine	C0007258
CD9 gene	C1413246	INHIBITS	["33773979_fullText_7"]	Baclofen	C0004609
NBL1 gene	C0919442	compared_with	["33837558_fullText_2"]	Adrenal Cortex Hormones	C0001617
IGSF6 gene	C1416375	INHIBITS	["36602018_fullText_5"]	Lipopolysaccharides	C0023810
ERCC2 wt Allele	C1705972	INHIBITS	["32147747_fullText_83"]	Sulfur	C0038774
TSPO gene	C1823521	INHIBITS	["36574032_fullText_9"]	Therapeutic agent (substance)	C1611640
S100B gene	C1419790	INHIBITS	["20437086_fullText_4"]	Reduced Glutathione	C0034917
LSS gene	C1416926	COEXISTS_WITH	["35216885_fullText_3"]	Cisplatin	C0008838
CEL gene	C1413336	INTERACTS_WITH	["36361620_fullText_4","36361620_fullText_6"]	Cisplatin	C0008838
ILF2 gene	C1416419	STIMULATES	["33975879_fullText_6"]	Cisplatin	C0008838
ZNF77 gene	C1421834	compared_with	["34666020_fullText_3"]	Cisplatin	C0008838
ZNF77 gene	C1421834	higher_than	["34666020_fullText_3"]	Cisplatin	C0008838
SV2A gene	C1427005	STIMULATES	["33706129_fullText_9"]	Antiepileptic Agents	C0003299
PEX13 gene	C1418474	INHIBITS	["27827795_fullText_0"]	Plasmalogens	C0032133
DDOST gene	C1413949	STIMULATES	["27469511_fullText_84"]	Conjugated bile acids	C0443599
ABCC4 gene	C1412079	STIMULATES	["27469511_fullText_84"]	Conjugated bile acids	C0443599
ABCC3 gene	C1412078	STIMULATES	["27469511_fullText_84"]	Conjugated bile acids	C0443599
PHEX gene	C1418526	PRODUCES	["38409970_fullText_3"]	Long chain fatty acid	C0522095
CHR gene	C1413398	INHIBITS	["37999884_fullText_7"]	Copper	C0009968
RAB3D gene	C1419208	COEXISTS_WITH	["35060618_fullText_2"]	Analgesics	C0002771
MT-ND3 gene	C1537991	COEXISTS_WITH__SPEC__	["22947169_fullText_7"]	Rifamycins	C0035609
Genes, Mitochondrial	C1563761	COEXISTS_WITH	["22947169_fullText_7"]	Rifamycins	C0035609
MTSS1 gene	C1426941	COEXISTS_WITH	["29702557_fullText_142"]	Magnesium Cation	C2346927
ASIC1 gene	C1412115	COEXISTS_WITH	["37629153_fullText_10"]	Magnesium Cation	C2346927
LRPPRC gene	C1423677	INHIBITS	["20220140_fullText_40"]	cobaltous cation	C2347816
DSG1 gene	C1414168	COEXISTS_WITH	["29601977_fullText_76","26092529_fullText_131","38332227_fullText_248"]	Sucrose	C0038636
TSPO gene	C1823521	COEXISTS_WITH	["22431750_fullText_143","26908607_fullText_194"]	Formaldehyde	C0016564
SAMD4A gene	C1826968	COEXISTS_WITH	["23637619_fullText_69","23637619_fullText_78"]	Formaldehyde	C0016564
LGALS4 gene	C1416832	COEXISTS_WITH	["23637619_fullText_69"]	Formaldehyde	C0016564
PMM2 gene	C1418674	COEXISTS_WITH__SPEC__	["35279850_fullText_43"]	Tetrasaccharide	C0556151
PDCD6 gene	C1418406	STIMULATES	["35279850_fullText_96"]	Tetrasaccharide	C0556151
MPI gene	C1417244	COEXISTS_WITH__SPEC__	["35279850_fullText_43"]	Tetrasaccharide	C0556151
FXYD1 gene	C1414874	COEXISTS_WITH	["36073843_fullText_3"]	Bupropion	C0085208
CYP11A1 gene	C1413855	STIMULATES	["34797492_fullText_4"]	Antipsychotic Agents	C0040615
IMPACT gene	C1825598	COEXISTS_WITH	["34763668_fullText_1"]	Aspirin	C0004057
P2RY12 gene	C1425330	compared_with	["34426033_fullText_1","34426033_fullText_2","34426033_fullText_3","34426033_fullText_4","34426033_fullText_5"]	Aspirin	C0004057
CALD1 wt Allele	C3813548	INTERACTS_WITH__INFER__	["34545010_fullText_3"]	Aspirin	C0004057
NGLY1 gene	C1425023	INHIBITS	["38649481_fullText_5"]	Oxytocin	C0030095
CAV2 wt Allele	C1707075	STIMULATES	["35819489_fullText_7"]	Carbidopa	C0006982
IMPACT gene	C1825598	INHIBITS	["34582961_fullText_2"]	MK-801	C0813872
PPARA gene	C1418776	COEXISTS_WITH	["34416301_fullText_5","34416301_fullText_9"]	Antidepressive Agents	C0003289
Alleles	C0002085	COEXISTS_WITH	["10874306_fullText_5"]	monoamine	C0599682
NGLY1 gene	C1425023	COEXISTS_WITH	["35653343_fullText_122"]	monoamine	C0599682
ALYREF gene	C1425988	INTERACTS_WITH__INFER__	["35995686_fullText_1","35995686_fullText_2","35995686_fullText_9"]	Adrenergic beta-Antagonists	C0001645
STAT3 gene	C1367307	COEXISTS_WITH	["35776042_fullText_7"]	donepezil	C0527316
NLRP3 gene	C1424250	COEXISTS_WITH	["35776042_fullText_7"]	donepezil	C0527316
HIF1A wt Allele	C1704838	COEXISTS_WITH	["35776042_fullText_7"]	donepezil	C0527316
ARHGAP9 gene	C1422424	INHIBITS	["35749685_fullText_4"]	donepezil	C0527316
RAB3D gene	C1419208	COEXISTS_WITH	["32357546_fullText_18"]	Synthetic drug	C0259849
Candidate Disease Gene	C1332838	INHIBITS	["37156668_fullText_4"]	Calcium Channel Blockers	C0006684
GCDH gene	C1415009	PRODUCES	["24594605_fullText_50"]	alpha-Amino-3-hydroxy-5-methyl-4-isoxazolepropionic Acid	C0051318
PTGIS gene	C1419071	PRODUCES	["34288015_fullText_13"]	Epoprostenol	C0033567
ADRB1 gene	C1439273	INHIBITS	["37459671_fullText_2"]	1,3-dipropyl-8-cyclopentylxanthine	C0088321
IL13 gene	C1334103	compared_with	["36856158_fullText_2"]	Anti-Histamine	C1961851
AES gene	C1412268	INTERACTS_WITH__INFER__	["34510960_fullText_1"]	Solifenacin	C1099677
ARIH1 gene	C1412533	COEXISTS_WITH	["34479019_fullText_8"]	Neurosteroids	C0815278
STAR gene	C1420453	COEXISTS_WITH	["36356843_fullText_5"]	Neurosteroids	C0815278
SIRT3 gene	C1423063	PRODUCES	["35715069_fullText_4"]	Neurosteroids	C0815278
TRIT1 gene	C1426839	compared_with	["36267873_fullText_7"]	Sertraline	C0074393
PTP4A3 gene	C1419090	compared_with	["36638053_fullText_2"]	cabergoline	C0107994
DRD2 gene	C1333253	INHIBITS	["37040055_fullText_3"]	Cocaine	C0009170
SLC6A3 wt Allele	C3813713	INHIBITS	["33794225_fullText_11"]	Cocaine	C0009170
SLC6A3 wt Allele	C3813713	STIMULATES	["35754103_fullText_6"]	Cocaine	C0009170
SLC6A3 wt Allele	C3813713	compared_with	["36730201_fullText_6"]	Cocaine	C0009170
ANLN gene	C1422396	CONVERTS_TO	["33769699_fullText_7"]	Amides	C0002482
CNR2 gene	C1413555	CONVERTS_TO	["34676751_fullText_4"]	carboxylate	C0178528
CNR1 gene	C1413554	CONVERTS_TO	["34676751_fullText_4"]	carboxylate	C0178528
IMPACT gene	C1825598	STIMULATES	["34544837_fullText_4"]	Amphetamine	C0002658
UBA7 gene	C1421270	COEXISTS_WITH	["36264171_fullText_5"]	Tetrahydrocannabinol	C0039663
CNR1 gene	C1413554	compared_with	["36541839_fullText_4"]	Tetrahydrocannabinol	C0039663
ANLN gene	C1422396	compared_with	["37847546_fullText_2"]	Tetrahydrocannabinol	C0039663
ANLN gene	C1422396	COEXISTS_WITH	["34676751_fullText_2"]	Marihuana	C0024808
GPER1 gene	C1415223	INTERACTS_WITH	["34800583_fullText_4","34800583_fullText_10"]	Marihuana	C0024808
IMPACT gene	C1825598	INTERACTS_WITH	["37598453_fullText_8","34779673_fullText_8"]	Marihuana	C0024808
DNPH1 gene	C1427424	STIMULATES	["34985165_fullText_3"]	Marihuana	C0024808
IMPACT gene	C1825598	STIMULATES	["34985165_fullText_3"]	Marihuana	C0024808
GRM2 gene	C1415306	compared_with	["34968554_fullText_2"]	Escitalopram	C1099456
CYP2C19 gene	C1332828	compared_with	["36164782_fullText_5"]	Escitalopram	C1099456
SAT1 wt Allele	C1705827	compared_with	["34254966_fullText_6"]	Escitalopram	C1099456
CYP2C19 gene	C1332828	higher_than	["36164782_fullText_5"]	Escitalopram	C1099456
GAD1 gene	C1414925	INTERACTS_WITH__INFER__	["34417992_fullText_3"]	Escitalopram	C1099456
GTS gene	C1415353	INHIBITS	["36375394_fullText_8"]	Hydrocortisone	C0020268
PMM2 gene	C1418674	INTERACTS_WITH__INFER__	["34140212_fullText_7"]	Hydrocortisone	C0020268
CEL gene	C1413336	COEXISTS_WITH	["11175307_fullText_5"]	Phenylalanine	C0031453
Alleles	C0002085	COEXISTS_WITH	["7967476_fullText_6"]	Phenylalanine	C0031453
PAH gene	C1418251	COEXISTS_WITH	["32106880_fullText_1"]	Phenylalanine	C0031453
JAG1 wt Allele	C2697827	COEXISTS_WITH	["17484755_fullText_6"]	Phenylalanine	C0031453
SMARCB1 gene	C0812273	COEXISTS_WITH	["29628378_fullText_4"]	Phenylalanine	C0031453
NUSAP1 gene	C1425583	COEXISTS_WITH	["37922902_abstract_12"]	Phenylalanine	C0031453
ASL gene	C1412582	COEXISTS_WITH	["32054509_abstract_6","32054509_fullText_6"]	Phenylalanine	C0031453
PAH gene	C1418251	INHIBITS	["19654333_fullText_3"]	Phenylalanine	C0031453
THEMIS gene	C1427618	INHIBITS	["16086286_fullText_4"]	Phenylalanine	C0031453
AES gene	C1412268	INHIBITS	["29973227_fullText_8","29628378_fullText_5"]	Phenylalanine	C0031453
VIL1 gene	C1421449	INHIBITS	["3979670_fullText_2"]	Phenylalanine	C0031453
IMPACT gene	C1825598	INHIBITS	["37630793_fullText_2"]	Phenylalanine	C0031453
RHOA gene	C0812234	INHIBITS	["17515837_fullText_9"]	Phenylalanine	C0031453
MNT gene	C1417222	INHIBITS	["38142628_fullText_2"]	Phenylalanine	C0031453
IMPACT gene	C1825598	INTERACTS_WITH	["37447372_fullText_12","38068761_abstract_23","38068761_abstract_29","32054509_abstract_3"]	Phenylalanine	C0031453
PAH gene	C1418251	STIMULATES	["15556637_fullText_2"]	Phenylalanine	C0031453
DNAJC12 gene	C1539297	STIMULATES	["32800687_fullText_5"]	Phenylalanine	C0031453
Locus	C1708726	STIMULATES	["2220810_fullText_7"]	Phenylalanine	C0031453
Wild Type	C1883559	PRODUCES	["29596327_fullText_3"]	Phenylalanine	C0031453
DNAJC12 gene	C1539297	INTERACTS_WITH__INFER__	["32800687_fullText_3"]	Phenylalanine	C0031453
TBX4 wt Allele	C3813609	INTERACTS_WITH__INFER__	["35986141_fullText_8"]	Chelating Agents	C0007974
MYH6 gene	C1417541	COEXISTS_WITH	["36951759_fullText_3"]	Methyl Methanesulfonate	C0025706
NLRP1 wt Allele	C3538756	COEXISTS_WITH	["34861466_fullText_5"]	Paroxetine	C0070122
FNDC5 gene	C1426803	INTERACTS_WITH	["35226247_fullText_2","35226247_fullText_5"]	Paroxetine	C0070122
FNDC5 gene	C1426803	STIMULATES	["34861466_fullText_4"]	Paroxetine	C0070122
ALAS1 gene	C1412330	INHIBITS	["37302714_fullText_1"]	Proton Pump Inhibitors	C0358591
UGT1A7 wt Allele	C3541329	INHIBITS	["35213716_fullText_5"]	Proton Pump Inhibitors	C0358591
HERPUD1 gene	C1422179	INHIBITS	["37093762_fullText_2"]	Proton Pump Inhibitors	C0358591
PKM2 wt Allele	C2698696	INHIBITS	["36174843_fullText_4","36174843_fullText_5"]	Proton Pump Inhibitors	C0358591
P2RY12 gene	C1425330	INHIBITS	["34918066_fullText_14"]	Ticagrelor	C1999375
CYP2C19 gene	C1332828	COEXISTS_WITH	["36306392_fullText_5"]	clopidogrel	C0070166
CYP2C19 gene	C1332828	INHIBITS	["36588476_fullText_7"]	clopidogrel	C0070166
P2RY12 gene	C1425330	compared_with	["34257048_fullText_7"]	clopidogrel	C0070166
CALD1 wt Allele	C3813548	INTERACTS_WITH__INFER__	["34545010_fullText_3"]	clopidogrel	C0070166
P2RY12 gene	C1425330	INHIBITS	["34918066_fullText_14"]	prasugrel	C1620287
DRD2 gene	C1333253	INHIBITS	["37040055_fullText_3"]	Methamphetamine	C0025611
DRD1 gene	C1333250	INHIBITS	["35768212_fullText_4"]	AM 251	C0534009
TBX4 wt Allele	C3813609	INTERACTS_WITH__INFER__	["35986141_fullText_3"]	Sugammadex	C1700695
CFP gene	C1418482	INHIBITS	["35218172_fullText_5"]	Corticosterone	C0010124
DNAJC12 gene	C1539297	INHIBITS	["37156708_fullText_9"]	Hydroxyindoleacetic Acid	C0020361
IMPACT gene	C1825598	COEXISTS_WITH	["35174411_fullText_10"]	Psychotropic Drugs	C0033978
CHRNE gene	C1413412	INTERACTS_WITH__INFER__	["32727330_fullText_8"]	Adrenergic Agonists	C0001648
AMD1 wt Allele	C3539530	INTERACTS_WITH__INFER__	["34011258_fullText_8"]	Adrenergic Agonists	C0001648
GAD1 gene	C1414925	INTERACTS_WITH__INFER__	["34417992_fullText_3"]	Agomelatine	C0971637
FTH1 gene	C1414833	STIMULATES	["37249604_fullText_6"]	Haloperidol	C0018546
CYP2D6 gene	C1332830	INHIBITS	["36350097_fullText_7"]	brexpiprazole	C3886627
hla gene	C0599797	COEXISTS_WITH	["33973477_fullText_5"]	Anticonvulsants	C0003286
STX2 gene	C1823140	COEXISTS_WITH	["37328081_fullText_5"]	Phenolics	C0359916
MBNL1 gene	C1417055	COEXISTS_WITH	["24293317_fullText_56"]	paraform	C0070066
PFDN5 gene	C1418486	COEXISTS_WITH	["26940433_fullText_122"]	paraform	C0070066
NGLY1 gene	C1425023	COEXISTS_WITH	["32259258_fullText_145"]	paraform	C0070066
TSPO gene	C1823521	COEXISTS_WITH	["21826223_fullText_91"]	paraform	C0070066
ADORA3 gene	C1412251	INHIBITS	["34591327_fullText_6"]	Inosine	C0021528
TCFL5 gene	C1420648	STIMULATES	["33860899_fullText_6"]	Inosine	C0021528
SRSF6 gene	C1419997	COEXISTS_WITH	["35287982_fullText_1"]	Hypnotics and Sedatives	C0020592
IMPACT gene	C1825598	COEXISTS_WITH	["37054659_fullText_2"]	Hypnotics and Sedatives	C0020592
NLRP1 wt Allele	C3538756	STIMULATES	["30429455_fullText_51"]	Carboxylic Acids	C0007066
NEB gene	C1417656	COEXISTS_WITH	["30388443_fullText_171"]	Methanol	C0001963
HHEX gene	C1415537	INHIBITS	["37328081_fullText_8"]	2,2'-azino-di-(3-ethylbenzothiazoline)-6-sulfonic acid	C0045246
AES gene	C1412268	INTERACTS_WITH__INFER__	["34510960_fullText_1"]	fesoterodine	C2343853
FOXM1 gene	C1414685	STIMULATES	["37057874_fullText_6"]	Hydroxymethylglutaryl-CoA Reductase Inhibitors	C0360714
FDXR gene	C1414575	INHIBITS	["35688208_fullText_11"]	Pregnenolone	C0373704
PON1 gene	C1418754	INHIBITS	["37802409_fullText_2"]	Oximes	C0030020
PRRT2 wt Allele	C3539645	INHIBITS	["35943710_fullText_6"]	2,5-dichloro-4-bromophenol	C0045550
UHMK1 gene	C1540160	INHIBITS	["34052739_fullText_3"]	Heterocyclic Amines	C1512423
NPC1 gene	C1417776	STIMULATES	["37423302_fullText_1"]	Sphingolipids	C0037900
IMPACT gene	C1825598	compared_with	["36719690_fullText_7"]	omalizumab	C0966225
KCNE1 gene	C1416563	COEXISTS_WITH	["37108427_fullText_11"]	Colforsin	C0917964
CYP2C19 gene	C1332828	STIMULATES	["34702100_fullText_4"]	Clomipramine	C0009010
DGKA gene	C1414029	compared_with	["34999054_fullText_8"]	Ritanserin	C0085260
GSDMD gene	C1539620	STIMULATES	["34686215_fullText_3"]	Famotidine	C0015620
IMPACT gene	C1825598	STIMULATES	["37059187_fullText_3"]	lorcaserin	C2350948
TRIM32 gene	C1424232	compared_with	["34837227_fullText_4"]	Pimavanserin	C1722267
DRD4 gene	C1333254	INHIBITS	["34577088_fullText_7"]	aaptamine	C0623266
UHMK1 gene	C1540160	compared_with	["34052739_fullText_3"]	Acetazolamide	C0000981
ELF4 gene	C1414377	COEXISTS_WITH	["33315951_fullText_165"]	Dihematoporphyrin Ether	C0058031
AES gene	C1412268	INTERACTS_WITH__INFER__	["34510960_fullText_1"]	tolterodine	C0388753
PTS gene	C1419129	COEXISTS_WITH	["9450907_fullText_6"]	Human Platelet Antigens	C0085355
HADHA gene	C1415460	PRODUCES	["36417780_fullText_6"]	Human Platelet Antigens	C0085355
GCDH gene	C1415009	PRODUCES	["24594605_fullText_50"]	Kainate	C0205812
KARS gene	C1416540	STIMULATES	["34730179_fullText_3"]	Kainate	C0205812
AES gene	C1412268	INTERACTS_WITH__INFER__	["34510960_fullText_1"]	oxybutynin	C0069805
STAT3 gene	C1367307	compared_with	["36300679_fullText_4"]	Bromocriptine	C0006230
CAPG wt Allele	C3540820	COEXISTS_WITH	["36124547_fullText_5"]	human urine	C0885847
GRIK2 gene	C1415294	STIMULATES	["34730179_fullText_7"]	Pilocarpine	C0031923
PROC wt Allele	C3540812	STIMULATES	["37884842_fullText_1"]	Drug Combinations	C0013162
Neomycin resistance gene	C1366752	STIMULATES	["35978221_fullText_7"]	Pirenzepine	C0031978
GNRHR gene	C1415171	COEXISTS_WITH	["34068603_fullText_1"]	Gonadorelin	C0023610
BAX gene	C0812198	INHIBITS	["38176666_fullText_13"]	Thioacetamide	C0039872
DNAJC12 gene	C1539297	INHIBITS	["37156708_fullText_9"]	Homovanillate	C0178681
PRKCE gene	C1418918	STIMULATES	["35216076_fullText_4"]	Bromodeoxyuridine	C0006233
BCL2 gene	C0376515	INHIBITS	["34135573_fullText_9"]	maltose tetrapalmitate	C0065610
CTAA1 gene	C1413785	COEXISTS_WITH	["34125373_fullText_5"]	beta-cyclodextrin tetradecasulfate	C0081758
STRA13 gene	C1420488	STIMULATES	["36652070_fullText_7"]	Amphotericin B	C0002679
SBDS gene	C1426244	STIMULATES	["33845076_fullText_11"]	SR 141716A	C0258459
MAOB gene	C1417002	COEXISTS_WITH	["15461973_fullText_4"]	Phenethylamines	C0031399
LGALS4 gene	C1416832	PRODUCES	["30059502_fullText_226"]	DAPI	C0057142
ZNF77 gene	C1421834	compared_with	["33315951_fullText_62"]	Metformin	C0025598
ZNF77 gene	C1421834	higher_than	["33315951_fullText_62"]	Metformin	C0025598
PEX16 gene	C1418476	COEXISTS_WITH	["9922452_fullText_192"]	promegapoietin	C0678075
PEX19 gene	C1419147	COEXISTS_WITH	["28281558_fullText_13"]	promegapoietin	C0678075
PEX2 gene	C1419149	INHIBITS	["10871277_fullText_2"]	promegapoietin	C0678075
PEX19 gene	C1419147	INTERACTS_WITH	["28281558_fullText_3","28281558_fullText_19","28281558_fullText_63","28281558_fullText_72","21826223_fullText_5"]	promegapoietin	C0678075
PHEX gene	C1418526	STIMULATES	["29773809_fullText_10"]	promegapoietin	C0678075
PEX2 gene	C1419149	INTERACTS_WITH__INFER__	["1673025_fullText_2"]	promegapoietin	C0678075
STX2 gene	C1823140	STIMULATES	["36165531_fullText_7"]	Oats preparation	C0939905
PHEX gene	C1418526	CONVERTS_TO	["31767637_fullText_2"]	Black and White	C1609177
LGALS4 gene	C1416832	COEXISTS_WITH	["26940433_fullText_118"]	Organic solvent product	C0360100
ECE1 gene	C1414244	INHIBITS	["33711514_fullText_8"]	Creatinine	C0010294
GCDH gene	C1415009	COEXISTS_WITH	["21904051_fullText_21","21904051_fullText_99"]	4-dichlorobenzene	C0048243
MVD gene	C1417507	COEXISTS_WITH	["34752844_fullText_5"]	Buspirone	C0006462
SLC22A2 gene	C1420137	INHIBITS	["33998860_fullText_13"]	Product base	C0360301
SLC22A6 gene	C1420141	INHIBITS	["33998860_fullText_13"]	Product base	C0360301
SLCO1B1 gene	C1420131	INHIBITS	["33998860_fullText_13"]	Product base	C0360301
RBFOX3 gene	C3146324	COEXISTS_WITH	["35951651_fullText_3"]	digalactosylglucosylceramide	C0610998
Wild Type	C1883559	INHIBITS	["35944919_fullText_9"]	CGP 55845	C0250350
CPB2 gene	C1413666	INTERACTS_WITH__INFER__	["34229013_fullText_5"]	preladenant	C2698875
PPCS gene	C1826654	COEXISTS_WITH	["32033912_abstract_4"]	human plasma	C0544357
TMEM189 gene	C1970252	COEXISTS_WITH	["36067995_fullText_5"]	desmopressin	C0011701
ASAH1 wt Allele	C3539770	compared_with	["37406364_fullText_4"]	Dopamine Uptake Inhibitors	C0242980
ASAH1 wt Allele	C3539770	same_as	["37406364_fullText_4"]	Dopamine Uptake Inhibitors	C0242980
IMPACT gene	C1825598	STIMULATES	["36184118_fullText_2"]	Histamine H2 Agonists	C0162815
MAOB gene	C1417002	INHIBITS	["37718357_fullText_4"]	Methaqualone	C0025627
MAOB gene	C1417002	compared_with	["35744926_fullText_2"]	Methaqualone	C0025627
AES gene	C1412268	INTERACTS_WITH__INFER__	["34510960_fullText_1"]	darifenacin	C0529351
SLC6A4 gene	C1420214	COEXISTS_WITH	["36164876_fullText_9"]	Rehmannia glutinosa root extract	C2699024
AES gene	C1412268	INTERACTS_WITH__INFER__	["34510960_fullText_1"]	propiverine	C0138666
PRODH gene	C1418945	INHIBITS	["37774432_fullText_2"]	Hydroxamic Acids	C0020314
TPM3 wt Allele	C3273659	INHIBITS	["35304861_fullText_6"]	catharanthine	C0054863
PRRT2 wt Allele	C3539645	INHIBITS	["35657974_fullText_8"]	Tetradecanoylphorbol Acetate	C0039654
LMOD1 gene	C1416886	STIMULATES	["36878398_fullText_7"]	Dutasteride	C0754659
SRSF6 gene	C1419997	compared_with	["35287982_fullText_11"]	Combination Medication	C1516710
CNR1 gene	C1413554	compared_with	["34846548_fullText_8"]	Terpineol	C0348029
PMM2 gene	C1418674	COEXISTS_WITH	["30530630_fullText_91"]	Four-Way	C0720523
PMM2 gene	C1418674	INHIBITS	["32064623_fullText_1"]	Oligosaccharides	C0028959
NGLY1 gene	C1425023	INTERACTS_WITH	["35565658_fullText_147","36528660_fullText_7"]	Oligosaccharides	C0028959
GTS gene	C1415353	COEXISTS_WITH	["36810148_fullText_8","36810148_fullText_11"]	Sodium Tetradecyl Sulfate	C0037556
SLC5A7 gene	C1422359	COEXISTS_WITH	["36810148_fullText_5"]	Sodium Tetradecyl Sulfate	C0037556
ADRA2C gene	C1412261	STIMULATES	["36362437_fullText_6"]	Zalcitabine	C0012132
SNCB gene	C1420278	STIMULATES	["36362437_fullText_6"]	Zalcitabine	C0012132
DBH gene	C1413916	STIMULATES	["36362437_fullText_6"]	Zalcitabine	C0012132
PMM2 gene	C1418674	INHIBITS	["32712172_fullText_1"]	Mannose	C0024742
PMM2 gene	C1418674	INTERACTS_WITH	["32266963_fullText_4","32962735_fullText_88"]	Mannose	C0024742
PMM2 gene	C1418674	STIMULATES	["26940433_fullText_72"]	Mannose	C0024742
PMM2 gene	C1418674	INTERACTS_WITH__INFER__	["32962735_fullText_7"]	Mannose	C0024742
SRRT gene	C2680450	COEXISTS_WITH	["21060795_fullText_69"]	Fucose	C0016786
FUK gene	C1428864	INHIBITS	["38735264_fullText_1"]	Fucose	C0016786
GCDH gene	C1415009	STIMULATES	["36221165_fullText_1"]	Organic acid (substance)	C0369760
DRG1 gene	C1414151	COEXISTS_WITH	["23180777_fullText_81"]	Fast Blue	C0060083
SV2A gene	C1427005	COEXISTS_WITH	["33706129_fullText_2"]	Brivaracetam	C1699861
AES gene	C1412268	INTERACTS_WITH__INFER__	["34510960_fullText_1"]	imidafenacin	C1876226
CHAF1A wt Allele	C3812373	STIMULATES	["35011001_fullText_5"]	Dehydroascorbic Acid	C0011177
ETHE1 gene	C1428025	INTERACTS_WITH__INFER__	["36093993_fullText_188"]	Metronidazole	C0025872
ASAH1 wt Allele	C3539770	STIMULATES	["31705726_fullText_20"]	ethylene diurea	C0059804
LGALS4 gene	C1416832	INHIBITS	["26940433_fullText_21"]	Saline Solution, Hypertonic	C0036085
LGALS4 gene	C1416832	compared_with	["26940433_fullText_21"]	Saline Solution, Hypertonic	C0036085
TSC22D3 wt Allele	C3539618	INTERACTS_WITH__INFER__	["36584558_fullText_5"]	Cinnarizine	C0008803
FXYD2 gene	C1414875	COEXISTS_WITH	["24204001_fullText_6","24204001_fullText_9"]	Dopachrome isomerase	C0114832
PCBD1 gene	C1418296	PRODUCES	["24204001_fullText_5"]	Dopachrome isomerase	C0114832
SLC12A3 gene	C1420092	COEXISTS_WITH	["33940111_fullText_1"]	Dopachrome isomerase	C0114832
ALDH7A1 gene	C1412691	STIMULATES	["29045138_fullText_1"]	Aminoadipate	C1979846
TSPO gene	C1823521	COEXISTS_WITH	["31479473_fullText_56","23509070_fullText_178"]	Tromethamine	C0041175
PTS gene	C1419129	compared_with	["34000119_fullText_3"]	Prostaglandins D	C0033558
CNR1 gene	C1413554	CONVERTS_TO	["34676751_fullText_4"]	2-methylindole	C0046385
CNR2 gene	C1413555	CONVERTS_TO	["34676751_fullText_4"]	2-methylindole	C0046385
PYROXD2 gene	C1428119	COEXISTS_WITH	["35055180_fullText_121"]	5-Trimethoxyamphetamine	C0301363
SLC33A1 gene	C1412113	COEXISTS_WITH	["20945165_fullText_53"]	Tween 20	C0041415
Wild Type	C1883559	INTERACTS_WITH	["32992790_fullText_23","32992790_fullText_108"]	FAD	C3247466
ATXN3 gene	C1538301	COEXISTS_WITH	["20865150_fullText_96"]	HEPES	C0019215
GTF2I gene	C1415347	COEXISTS_WITH__SPEC__	["27053713_fullText_108"]	HEPES	C0019215
ALDH7A1 gene	C1412691	INTERACTS_WITH__INFER__	["35279367_fullText_10"]	pyridoxine	C0034272
IPP gene	C1416469	PRODUCES	["21384228_fullText_51"]	Mevalonate	C0677647
PADI4 wt Allele	C3540603	COEXISTS_WITH	["37348465_fullText_3"]	(3beta,5alpha,17beta)-17-hydroxyestrane-3-carbonitrile	C0760481
CEL gene	C1413336	compared_with	["35907113_fullText_5"]	(3beta,5alpha,17beta)-17-hydroxyestrane-3-carbonitrile	C0760481
CALD1 wt Allele	C3813548	COEXISTS_WITH	["37661662_fullText_2"]	Nicorandil	C0068700
ALDH18A1 gene	C1538262	INHIBITS	["21431621_fullText_100"]	Ornithine	C0029277
GIT2 wt Allele	C1708123	STIMULATES	["32872442_fullText_140"]	Ornithine	C0029277
SLC5A8 gene	C1426025	INHIBITS	["7189815_fullText_8"]	Agar	C0001771
MAOB gene	C1417002	INHIBITS	["37087882_fullText_7"]	dolutegravir	C3253985
GCDH gene	C1415009	COEXISTS_WITH	["32992790_fullText_182"]	Flavins	C0016213
SERPINF2 gene	C1418648	INHIBITS	["34913624_fullText_4"]	Plasmin	C0016016
PMM2 gene	C1418674	INTERACTS_WITH__SPEC__	["12889654_fullText_1"]	Glycoconjugates	C0017906
NDUFS4 gene	C1417647	INHIBITS	["34849584_fullText_138"]	dimethylglycine	C0058265
IMPACT gene	C1825598	STIMULATES	["36699037_fullText_3"]	letrozole	C0246421
AASS gene	C1424938	COEXISTS_WITH	["32567100_fullText_4"]	glutaric acid	C0061506
ALDH7A1 gene	C1412691	COEXISTS_WITH	["34756024_fullText_5"]	pipecolic acid	C0031951
GCDH gene	C1415009	COEXISTS_WITH	["24498361_fullText_1"]	3-hydroxyglutaric acid	C0667581
DHTKD1 gene	C1428130	INHIBITS	["32160276_fullText_3"]	glutarylcarnitine	C0061512
AASS gene	C1424938	INHIBITS	["32567100_fullText_3"]	glutarylcarnitine	C0061512
OGDH gene	C1417943	PRODUCES	["32160276_fullText_3"]	glutarylcarnitine	C0061512
GLUD1 gene	C1415113	INHIBITS	["24498361_fullText_80"]	Glutarates	C0017816
Homologous Gene	C1334043	INTERACTS_WITH	["29844506_fullText_91","29844506_fullText_128"]	Glutarates	C0017816
AKR1A1 wt Allele	C3715044	PRODUCES	["29844506_fullText_89"]	Glutarates	C0017816
NTM gene	C1842796	COEXISTS_WITH	["39388898_fullText_4"]	4-Aminohippuric Acid	C0030123
PEX13 gene	C1418474	compared_with	["27827795_fullText_8"]	Carbonyl Cyanide m-Chlorophenyl Hydrazone	C0007043
TOMM20 gene	C1427202	COEXISTS_WITH	["27827795_fullText_9"]	Carbonyl Cyanide m-Chlorophenyl Hydrazone	C0007043
SLC35A1 gene	C1420187	INHIBITS	["33076454_fullText_75"]	N-Acetylneuraminic Acid	C0067762
PMM2 gene	C1418674	INHIBITS	["33076454_fullText_75"]	N-Acetylneuraminic Acid	C0067762
RBFOX2 gene	C1419304	COEXISTS_WITH	["28512194_fullText_31"]	Protein C	C0033621
PMM2 gene	C1418674	STIMULATES	["31636082_fullText_39"]	epalrestat	C0095278
PMM2 gene	C1418674	INTERACTS_WITH__INFER__	["34652821_fullText_4","34652821_fullText_11"]	epalrestat	C0095278
PMM2 gene	C1418674	INHIBITS	["31636082_fullText_149"]	polyol	C0071629
SRD5A3 gene	C2240046	STIMULATES	["21384228_fullText_129"]	Dolichol	C0012990
MPI gene	C1417244	PRODUCES	["24139637_fullText_57"]	mannose 1-phosphate	C0065682
NANS gene	C1426104	PRODUCES	["36224347_fullText_89"]	Sialic Acids	C0037025
MTHFR gene	C0919427	COEXISTS_WITH	["10822069_fullText_5"]	Prothrombin	C0033706
TMEM199 gene	C1425293	COEXISTS_WITH	["36706865_fullText_11"]	south 7	C1689887
NGLY1 gene	C1425023	COEXISTS_WITH	["35653343_fullText_95"]	TWS 119	C2932366
PEX2 gene	C1419149	INTERACTS_WITH__INFER__	["2000261_fullText_3"]	Cholic Acid	C0055568
MAGT1 gene	C2239666	COEXISTS_WITH	["25135935_fullText_89"]	factor VII	C0015502
PEX2 gene	C1419149	INTERACTS_WITH__INFER__	["2000261_fullText_4"]	Chenodeoxycholic Acid	C0008024
cDNA Library	C0751608	COEXISTS_WITH	["1567655_fullText_9"]	antibiotic G 418	C0052009
DYM gene	C1539322	INHIBITS	["10356596_fullText_1"]	17-alpha-Hydroxyprogesterone	C0045010
DDR1 gene	C1333206	STIMULATES	["39320846_fullText_56"]	1,2-di-(4-sulfamidophenyl)-4-butylpyrazolidine-3,5-dione	C0603200
Genes, X-Linked	C0678928	PRODUCES	["27484195_fullText_12"]	Neomycin	C0027603
KRT17 wt Allele	C3810569	PRODUCES	["27010216_fullText_124"]	1-azidonaphthalene-5-sulfonate	C0044297
ENPP1 gene	C1414407	PRODUCES	["27010216_fullText_124"]	1-azidonaphthalene-5-sulfonate	C0044297
MSMP gene	C2677316	PRODUCES	["27010216_fullText_124"]	1-azidonaphthalene-5-sulfonate	C0044297
MBNL1 gene	C1417055	INTERACTS_WITH	["24179176_fullText_127","24179176_fullText_131"]	Ro 31-8220	C0084393
MBNL1 gene	C1417055	STIMULATES	["24179176_fullText_132"]	Ro 31-8220	C0084393
MBNL1 gene	C1417055	STIMULATES	["24179176_fullText_54"]	Chromomycin A3	C0040563
COLQ gene	C1413603	INHIBITS	["38003406_fullText_6"]	Triple Helix	C3282067
FOXM1 wt Allele	C3538717	compared_with	["38216959_fullText_4","38216959_abstract_4"]	Antilymphocyte Serum	C0003372
FOXM1 wt Allele	C3538717	COEXISTS_WITH	["38216959_fullText_5","38216959_abstract_5"]	Antilymphocyte Serum	C0003372
ATF4 gene	C1412617	COEXISTS_WITH	["35211808_fullText_97"]	Antilymphocyte Serum	C0003372
LGALS4 gene	C1416832	COEXISTS_WITH	["28623239_fullText_103"]	Promega	C0072149
Alleles	C0002085	COEXISTS_WITH	["18270582_fullText_88"]	Promega	C0072149
ETFB gene	C1414472	STIMULATES	["24498361_fullText_36"]	Isopropyl Thiogalactoside	C0022239
ATXN3 gene	C1538301	COEXISTS_WITH	["33477953_fullText_126"]	YEAST EXTRACT	C0873195
NGLY1 gene	C1425023	COEXISTS_WITH	["32259258_fullText_141"]	Neutral buffered formalin	C0492002
NDUFS4 gene	C1417647	CONVERTS_TO	["39385390_fullText_101"]	NA-5	C0131647
NDUFS4 gene	C1417647	STIMULATES	["35872650_fullText_92"]	NA-5	C0131647
CELF1 gene	C1413824	COEXISTS_WITH	["22431750_fullText_137"]	Polybrene	C0282194
ELF4 gene	C1414377	COEXISTS_WITH	["26785728_fullText_66"]	trizol	C0916178
Genome	C0017428	COEXISTS_WITH	["26785728_fullText_55"]	trizol	C0916178
GCDH gene	C1415009	PRODUCES	["23658800_fullText_70"]	Phenylmethylsulfonyl Fluoride	C0031493
TSPO gene	C1823521	COEXISTS_WITH	["27390132_fullText_110"]	DDMS	C0764864
PEX19 gene	C1419147	COEXISTS_WITH	["28281558_fullText_118"]	potassium phosphate	C0071778
TMEM173 gene	C1823437	INHIBITS	["30135079_fullText_12","30135079_fullText_14"]	Gamma globulin serum	C0305052
NGLY1 gene	C1425023	PRODUCES	["30135079_fullText_6"]	Gamma globulin serum	C0305052
IRF3 gene	C1334139	INHIBITS	["30135079_fullText_12"]	Gamma globulin serum	C0305052
NGLY1 gene	C1425023	INHIBITS	["30135079_fullText_69"]	Gamma globulin serum	C0305052
NFE2L1 gene	C1417700	INHIBITS	["30135079_fullText_43"]	Gamma globulin serum	C0305052
PMM2 gene	C1418674	INHIBITS	["22956764_fullText_23"]	Alcian Blue	C0001933
KIFC3 gene	C1416641	INHIBITS	["32368833_fullText_80"]	Filipin	C0016095
TRAJ10 gene	C1420891	COEXISTS_WITH	["29261720_fullText_101"]	rosaniline hydrochloride	C0950459
DDX6 gene	C0812257	compared_with	["24792155_fullText_110"]	1-(saligenin cyclic phospho)-9-biotinyldiaminononane	C0257357
LYN gene	C0812307	COEXISTS_WITH	["23949219_fullText_54"]	Myristic Acid	C0027138
DRG1 gene	C1414151	COEXISTS_WITH	["23180777_fullText_81"]	nuclear yellow	C0069130
CUX1 gene	C1413827	PRODUCES	["26756355_fullText_73"]	MB 3	C0602254
ATXN3 gene	C1538301	compared_with	["38376240_fullText_34"]	trivalent influenza vaccine	C0770694
Wild Type	C1883559	INHIBITS	["38177503_fullText_36"]	Alpha-1,3-galactosyltransferase-expressing Allogeneic Renal Cell Carcinoma Vaccine	C3815169
NDUFS4 gene	C1417647	INHIBITS	["38177503_fullText_37"]	Alpha-1,3-galactosyltransferase-expressing Allogeneic Renal Cell Carcinoma Vaccine	C3815169
