demokritos_umls,prefname,mondo
C0000821
C0001247
C0001306
C0001621
C0001733
C0002016
C0002103
C0002514
C0003089
C0003123
C0004031
C0004608
C0004782
C0005138
C0005424
C0005697
C0005830
C0005956
C0006023
C0006112
C0006739
C0006842
C0007079
C0007302
C0007384
C0007644
C0007646
C0007682
C0007761
C0007766
C0007788
C0007861
C0007869
C0007932
C0008512
C0008521
C0008707
C0010340
C0011156
C0011168
C0011603
C0011847
C0011875
C0011989
C0012624
C0013384
C0013396
C0013691
C0014053
C0014054
C0014055
C0014306
C0014457
C0014553
C0016807
C0017178
C0017411
C0017412
C0017927
C0017980
C0018054
C0018995
C0019194
C0019284
C0019296
C0020192
C0020443
C0020480
C0020617
C0020620
C0020758
C0020877
C0021167
C0021355
C0021396
C0021830
C0022353
C0022660
C0022679
C0022906
C0023234
C0023264
C0023308
C0023772
C0023892
C0023895
C0024025
C0024291
C0025239
C0026846
C0027022
C0027577
C0027707
C0027773
C0027947
C0028253
C0029132
C0029485
C0029493
C0029512
C0029513
C0029531
C0029581
C0029591
C0029594
C0029595
C0029607
C0029630
C0029640
C0029644
C0029668
C0029696
C0029697
C0029706
C0029752
C0029770
C0029771
C0029773
C0029785
C0029799
C0029800
C0029801
C0029805
C0029810
C0029823
C0029827
C0029831
C0029834
C0029839
C0029841
C0029850
C0029866
C0029872
C0029928
C0030100
C0030517
C0031106
C0031115
C0031538
C0033132
C0033377
C0033462
C0033740
C0033948
C0034050
C0034066
C0035528
C0036465
C0036690
C0036875
C0037036
C0037061
C0038220
C0038981
C0038986
C0039240
C0039483
C0039516
C0040128
C0040412
C0040580
C0040954
C0041844
C0041881
C0042025
C0042268
C0042767
C0042769
C0042774
C0042880
C0042907
C0043037
C0043068
C0043116
C0043349
C0079485
C0085209
C0085388
C0085584
C0086438
C0149512
C0149513
C0149514
C0149517
C0149519
C0149825
C0150055
C0151559
C0151942
C0152073
C0152085
C0152192
C0152422
C0152443
C0152458
C0152507
C0152531
C0152724
C0152828
C0152942
C0153108
C0153136
C0153347
C0153423
C0153463
C0153493
C0153632
C0153996
C0154058
C0154138
C0154189
C0154209
C0154276
C0154648
C0154691
C0154712
C0154730
C0154742
C0154746
C0154758
C0154780
C0154842
C0154858
C0154860
C0154909
C0154959
C0155020
C0155087
C0155119
C0155181
C0155298
C0155300
C0155305
C0155338
C0155359
C0155375
C0155376
C0155379
C0155435
C0155439
C0155450
C0155477
C0155487
C0155488
C0155514
C0155567
C0155636
C0155640
C0155652
C0155655
C0155673
C0155690
C0155699
C0155724
C0155772
C0155774
C0155792
C0155824
C0155826
C0155837
C0155934
C0155937
C0156042
C0156257
C0156261
C0156268
C0156278
C0156296
C0156340
C0156393
C0157456
C0157705
C0157749
C0157849
C0157852
C0157946
C0158007
C0158157
C0158168
C0158178
C0158303
C0158314
C0158332
C0158336
C0158447
C0158538
C0158623
C0158651
C0159020
C0162530
C0162538
C0162549
C0162651
C0205792
C0206062
C0220723
C0221163
C0221244
C0221505
C0234535
C0234935
C0235325
C0235394
C0238301
C0238421
C0242225
C0242354
C0242459
C0242567
C0242583
C0242597
C0242830
C0259799
C0262405
C0263680
C0264714
C0264716
C0264743
C0264774
C0264776
C0264834
C0266468
C0266916
C0268124
C0268237
C0268616
C0270764
C0270921
C0271084
C0271710
C0271934
C0276926
C0277554
C0277556
C0282629
C0302360
C0311251
C0311276
C0311389
C0334056
C0338502
C0340288
C0341858
C0342200
C0342687
C0342723
C0343487
C0343714
C0343834
C0344247
C0344530
C0345160
C0348343
C0348371
C0375197
C0375275
C0375359
C0375489
C0392550
C0392553
C0393590
C0393593
C0396023
C0398625
C0399400
C0403440
C0403447
C0403719
C0406715
C0423092
C0432336
C0442874
C0474334
C0474454
C0477373
C0489959
C0494475
C0495094
C0496758
C0520680
C0520716
C0524851
C0524912
C0541719
C0543800
C0546826
C0549470
C0559031
C0560648
C0570547
C0571102
C0571339
C0582415
C0585186
C0596824
C0600040
C0600228
C0600260
C0600298
C0678236
C0679225
C0685938
C0694564
C0699739
C0699741
C0699949
C0700101
C0700201
C0700323
C0700595
C0701163
C0740304
C0740447
C0741923
C0742034
C0743150
C0745136
C0745143
C0745153
C0746102
C0747845
C0750197
C0751249
C0751316
C0751435
C0751523
C0751753
C0751885
C0751939
C0751956
C0752207
C0752322
C0850624
C0851444
C0854795
C0856169
C0856742
C0878705
C0917981
C0919308
C0936215
C0936250
C0948268
C0948807
C0949116
C0949123
C1112443
C1112530
C1135229
C1135993
C1157569
C1158566
C1158817
C1159314
C1159788
C1160638
C1160639
C1160640
C1160641
C1160657
C1160658
C1160680
C1160682
C1160683
C1160684
C1160686
C1160687
C1160689
C1160692
C1160698
C1160700
C1160701
C1160710
C1257845
C1260409
C1274216
C1279945
C1285162
C1290886
C1291386
C1301509
C1305122
C1306503
C1313885
C1326893
C1326937
C1327633
C1332655
C1333764
C1334557
C1334759
C1334956
C1335029
C1335423
C1335437
C1335509
C1335753
C1443961
C1449843
C1456167
C1456268
C1457897
C1504412
C1527311
C1527368
C1533628
C1623038
C1627362
C1720830
C1720864
C1750294
C1828221
C1834558
C1845343
C1849236
C1856405
C1860404
C1861923
C1865951
C1868581
C1881170
C1956349
C2118460
C2265905
C2265906
C2316225
C2717976
C2746069
C2930878
C2931688
C2931746
C2936826
C2937300
C2982732
C3154932
C3154936
C3164344
C3489771
C3495551
C3539909
C3546225
C3546226
C3548363
C3548389
C3548390
C3548391
C3642318
C3642463
C3642476
C3662064
C3665365
C3665382
C3698507
C3714618
C3714844
C3820514
C3820682
C3820683
C3820684
C3820685
C3820686
C3820687
C3820688
C3820689
C3820690
C3820691
C3820729
C3820731
C3820803
C3820829
C3820830
C3820831
C3820832
C3821007
C3821008
C3821009
C3821010
C3821011
C3821012
C3831782
C4273660
C4317072
C4328842
C4328939
C4328948
C4328955
C4747991
C5567227
